state_lbl,state_val,city_lbl,city_val,stn_lbl,stn_val,lat,long,geometry,index_right,Area
Andaman and Nicobar,Andaman and Nicobar,Sri Vijaya Puram,Sri Vijaya Puram,"Police Line, Sri Vijaya Puram - ANPCC",site_6010,11.6645348,92.7390448,POINT (92.7390448 11.6645348),1,7658.81187279
Andhra Pradesh,Andhra Pradesh,Amaravati,Amaravati,"Secretariat, Amaravati - APPCB",site_1406,16.51479785,80.51537750099347,POINT (80.51537750099347 16.51479785),252,3942949.59384
Andhra Pradesh,Andhra Pradesh,Anantapur,Anantapur,"Gulzarpet, Anantapur - APPCB",site_5632,14.676565,77.5965798,POINT (77.5965798 14.676565),252,3942949.59384
Andhra Pradesh,Andhra Pradesh,Chittoor,Chittoor,"Gangineni Cheruvu, Chittoor - APPCB",site_5665,13.20470485,79.09959356808966,POINT (79.09959356808966 13.20470485),252,3942949.59384
Andhra Pradesh,Andhra Pradesh,Kadapa,Kadapa,"Yerramukkapalli, Kadapa - APPCB",site_5693,14.4752936,78.8216861,POINT (78.8216861 14.4752936),252,3942949.59384
Andhra Pradesh,Andhra Pradesh,Rajamahendravaram,Rajamahendravaram,"Anand Kala Kshetram, Rajamahendravaram - APPCB",site_1399,17.0050454,81.7804732,POINT (81.7804732 17.0050454),252,3942949.59384
Andhra Pradesh,Andhra Pradesh,Tirumala,Tirumala,"Toll Gate, Tirumala - APPCB (Formerly known as Tirumala, Tirupati - APPCB)",site_258,13.64712515,79.40200725000001,POINT (79.40200725000001 13.64712515),252,3942949.59384
Andhra Pradesh,Andhra Pradesh,Tirupati,Tirupati,"Vaikuntapuram, Tirupati - APPCB",site_5666,13.6316368,79.4231711,POINT (79.4231711 13.6316368),252,3942949.59384
Andhra Pradesh,Andhra Pradesh,Vijayawada,Vijayawada,"Rajiv Gandhi Park, Vijayawada - APPCB",site_5849,16.5091443,80.61229878621097,POINT (80.61229878621097 16.5091443),252,3942949.59384
Andhra Pradesh,Andhra Pradesh,Vijayawada,Vijayawada,"Kanuru, Vijayawada - APPCB",site_5685,16.467863153631445,80.72770330614497,POINT (80.72770330614497 16.467863153631445),252,3942949.59384
Andhra Pradesh,Andhra Pradesh,Vijayawada,Vijayawada,"PWD Grounds, Vijayawada - APPCB",site_257,16.5115306,80.6160469,POINT (80.6160469 16.5115306),252,3942949.59384
Andhra Pradesh,Andhra Pradesh,Vijayawada,Vijayawada,"Rajiv Nagar, Vijayawada - APPCB",site_5981,16.553381,80.6566852,POINT (80.6566852 16.553381),252,3942949.59384
Andhra Pradesh,Andhra Pradesh,Vijayawada,Vijayawada,"HB Colony, Vijayawada - APPCB",site_5848,16.5345173,80.5961395,POINT (80.5961395 16.5345173),252,3942949.59384
Andhra Pradesh,Andhra Pradesh,Visakhapatnam,Visakhapatnam,"GVM Corporation, Visakhapatnam - APPCB",site_260,17.6935526,83.2921297,POINT (83.2921297 17.6935526),252,3942949.59384
Arunachal Pradesh,Arunachal Pradesh,Naharlagun,Naharlagun,"Naharlagun, Naharlagun - APSPCB",site_5446,27.1308555,93.709712,POINT (93.709712 27.1308555),252,3942949.59384
Assam,Assam,Byrnihat,Byrnihat,"Central Academy for SFS, Byrnihat - PCBA",site_5669,26.0543348,91.8696498,POINT (91.8696498 26.0543348),252,3942949.59384
Assam,Assam,Guwahati,Guwahati,"IITG, Guwahati - PCBA",site_5651,26.19247875,91.69463568731132,POINT (91.69463568731132 26.19247875),252,3942949.59384
Assam,Assam,Guwahati,Guwahati,"LGBI Airport, Guwahati - PCBA",site_5683,26.1805978,91.753943,POINT (91.753943 26.1805978),252,3942949.59384
Assam,Assam,Guwahati,Guwahati,"Pan Bazaar, Guwahati - PCBA",site_5417,26.1914795,91.7519783,POINT (91.7519783 26.1914795),252,3942949.59384
Assam,Assam,Guwahati,Guwahati,"Railway Colony, Guwahati - PCBA",site_5073,26.1808827,91.7824864,POINT (91.7824864 26.1808827),252,3942949.59384
Assam,Assam,Nagaon,Nagaon,"Christianpatty, Nagaon - PCBA",site_5706,26.3510707,92.6878774,POINT (92.6878774 26.3510707),252,3942949.59384
Assam,Assam,Nalbari,Nalbari,"Bata Chowk, Nalbari - PCBA",site_5668,26.35336315,91.39836617554388,POINT (91.39836617554388 26.35336315),252,3942949.59384
Assam,Assam,Silchar,Silchar,"Tarapur, Silchar - PCBA",site_5684,24.830302,92.7875689,POINT (92.7875689 24.830302),252,3942949.59384
Assam,Assam,Sivasagar,Sivasagar,"Girls College, Sivasagar - PCBA",site_5658,26.9834936,94.6394226,POINT (94.6394226 26.9834936),252,3942949.59384
Bihar,Bihar,Araria,Araria,"Kharahiya Basti, Araria - BSPCB",site_5539,26.26510125,87.36994367279917,POINT (87.36994367279917 26.26510125),252,3942949.59384
Bihar,Bihar,Arrah,Arrah,"New DM Office, Arrah - BSPCB",site_5538,25.560317,84.6632139,POINT (84.6632139 25.560317),252,3942949.59384
Bihar,Bihar,Aurangabad,Aurangabad,"MIDC Chilkalthana, Aurangabad - MPCB",site_5788,24.80332005,84.41101977690866,POINT (84.41101977690866 24.80332005),252,3942949.59384
Bihar,Bihar,Aurangabad,Aurangabad,"More Chowk Waluj, Aurangabad - MPCB",site_198,19.8407794,75.24716959404093,POINT (75.24716959404093 19.8407794),252,3942949.59384
Bihar,Bihar,Aurangabad,Aurangabad,"Gurdeo Nagar, Aurangabad - BSPCB",site_5544,24.80332005,84.41101977690866,POINT (84.41101977690866 24.80332005),252,3942949.59384
Bihar,Bihar,Aurangabad,Aurangabad,"Rachnakar Colony, Aurangabad - MPCB",site_5789,24.80332005,84.41101977690866,POINT (84.41101977690866 24.80332005),252,3942949.59384
Bihar,Bihar,Begusarai,Begusarai,"Lohiyanagar, Begusarai - BSPCB",site_5540,25.5125411,86.08833919362361,POINT (86.08833919362361 25.5125411),252,3942949.59384
Bihar,Bihar,Bettiah,Bettiah,"Kamalnath Nagar, Bettiah - BSPCB",site_5476,26.8023,84.5074,POINT (84.5074 26.8023),252,3942949.59384
Bihar,Bihar,Bhagalpur,Bhagalpur,"Mayaganj, Bhagalpur - BSPCB",site_5541,25.28613535,87.13042293057262,POINT (87.13042293057262 25.28613535),252,3942949.59384
Bihar,Bihar,Bhagalpur,Bhagalpur,"DM Office_Kachari Chowk, Bhagalpur - BSPCB",site_5543,25.28613535,87.13042293057262,POINT (87.13042293057262 25.28613535),252,3942949.59384
Bihar,Bihar,Bihar Sharif,Bihar Sharif,"D M Colony, Bihar Sharif - BSPCB",site_5481,25.193859,85.5208617,POINT (85.5208617 25.193859),252,3942949.59384
Bihar,Bihar,Buxar,Buxar,"Charitra Van, Buxar - BSPCB",site_5542,25.5044834,84.10975247469455,POINT (84.10975247469455 25.5044834),252,3942949.59384
Bihar,Bihar,Chhapra,Chhapra,"Darshan Nagar, Chhapra - BSPCB",site_5545,25.7784105,84.7514507,POINT (84.7514507 25.7784105),252,3942949.59384
Bihar,Bihar,Gaya,Gaya,"Kareemganj, Gaya - BSPCB",site_5548,24.67938895,85.01158329654393,POINT (85.01158329654393 24.67938895),252,3942949.59384
Bihar,Bihar,Gaya,Gaya,"SFTI Kusdihra, Gaya - BSPCB",site_5338,24.67938895,85.01158329654393,POINT (85.01158329654393 24.67938895),252,3942949.59384
Bihar,Bihar,Gaya,Gaya,"Collectorate, Gaya - BSPCB",site_159,24.78742353078989,84.98783131883661,POINT (84.98783131883661 24.78742353078989),252,3942949.59384
Bihar,Bihar,Hajipur,Hajipur,"Industrial Area, Hajipur - BSPCB",site_5337,25.6905702,85.2090351,POINT (85.2090351 25.6905702),252,3942949.59384
Bihar,Bihar,Katihar,Katihar,"Mirchaibari, Katihar - BSPCB",site_5546,25.5586421,87.64571962485962,POINT (87.64571962485962 25.5586421),252,3942949.59384
Bihar,Bihar,Kishanganj,Kishanganj,"SDM Office_Khagra, Kishanganj - BSPCB",site_5547,26.29841435,87.94667148301295,POINT (87.94667148301295 26.29841435),252,3942949.59384
Bihar,Bihar,Manguraha,Manguraha,"Forest Rest House, Manguraha - BSPCB",site_5550,26.3583278,85.3281977,POINT (85.3281977 26.3583278),252,3942949.59384
Bihar,Bihar,Motihari,Motihari,"Gandak Colony, Motihari - BSPCB",site_5478,26.6506888,84.9114654,POINT (84.9114654 26.6506888),252,3942949.59384
Bihar,Bihar,Munger,Munger,"Town Hall, Munger - BSPCB",site_5490,25.2202864,86.51614835791698,POINT (86.51614835791698 25.2202864),252,3942949.59384
Bihar,Bihar,Muzaffarpur,Muzaffarpur,"Muzaffarpur Collectorate, Muzaffarpur - BSPCB",site_158,26.1482548,85.3316096785584,POINT (85.3316096785584 26.1482548),252,3942949.59384
Bihar,Bihar,Muzaffarpur,Muzaffarpur,"Buddha Colony, Muzaffarpur - BSPCB",site_5370,26.1482548,85.3316096785584,POINT (85.3316096785584 26.1482548),252,3942949.59384
Bihar,Bihar,Patna,Patna,"Rajbansi Nagar, Patna - BSPCB",site_5262,25.6066335,85.1014347,POINT (85.1014347 25.6066335),252,3942949.59384
Bihar,Bihar,Patna,Patna,"Govt. High School Shikarpur, Patna - BSPCB",site_5335,25.6093239,85.1235252,POINT (85.1235252 25.6093239),252,3942949.59384
Bihar,Bihar,Patna,Patna,"Muradpur, Patna - BSPCB",site_5261,25.6093239,85.1235252,POINT (85.1235252 25.6093239),252,3942949.59384
Bihar,Bihar,Patna,Patna,"IGSC Planetarium Complex, Patna - BSPCB",site_157,25.6093239,85.1235252,POINT (85.1235252 25.6093239),252,3942949.59384
Bihar,Bihar,Patna,Patna,"DRM Office Danapur, Patna - BSPCB",site_5336,25.5854515,85.04482657565418,POINT (85.04482657565418 25.5854515),252,3942949.59384
Bihar,Bihar,Patna,Patna,"Samanpura, Patna - BSPCB",site_5263,25.6093239,85.1235252,POINT (85.1235252 25.6093239),252,3942949.59384
Bihar,Bihar,Purnia,Purnia,"Mariam Nagar, Purnia - BSPCB",site_5549,25.7758723,87.4087666694604,POINT (87.4087666694604 25.7758723),252,3942949.59384
Bihar,Bihar,Rajgir,Rajgir,"Dangi Tola, Rajgir - BSPCB",site_5489,25.0299973,85.4207368,POINT (85.4207368 25.0299973),252,3942949.59384
Bihar,Bihar,Saharsa,Saharsa,"Police Line, Saharsa - BSPCB",site_5551,25.83307565,86.61437508111757,POINT (86.61437508111757 25.83307565),252,3942949.59384
Bihar,Bihar,Samastipur,Samastipur,"DM Office_Kasipur, Samastipur - BSPCB",site_5552,25.77478845,85.867231389952,POINT (85.867231389952 25.77478845),252,3942949.59384
Bihar,Bihar,Sasaram,Sasaram,"Dada Peer, Sasaram - BSPCB",site_5485,24.9509656,84.0148733,POINT (84.0148733 24.9509656),252,3942949.59384
Bihar,Bihar,Siwan,Siwan,"Chitragupta Nagar, Siwan - BSPCB",site_5553,26.131008,84.39107448141786,POINT (84.39107448141786 26.131008),252,3942949.59384
Chandigarh,Chandigarh,Chandigarh,Chandigarh,"Sector 22, Chandigarh - CPCC",site_5491,30.7334256,76.7713451,POINT (76.7713451 30.7334256),252,3942949.59384
Chhattisgarh,Chhattisgarh,Bhilai,Bhilai,"Hathkhoj, Bhilai - CECB",site_5659,21.2120677,81.3732849,POINT (81.3732849 21.2120677),252,3942949.59384
Chhattisgarh,Chhattisgarh,Bhilai,Bhilai,"Civic Center, Bhilai - Bhilai Steel Plant",site_5536,21.18143385,81.34381534387566,POINT (81.34381534387566 21.18143385),252,3942949.59384
Chhattisgarh,Chhattisgarh,Bhilai,Bhilai,"32Bungalows, Bhilai - CECB",site_5660,21.2120677,81.3732849,POINT (81.3732849 21.2120677),252,3942949.59384
Chhattisgarh,Chhattisgarh,Bilaspur,Bilaspur,"Mangala, Bilaspur - NTPC",site_5503,22.0920206,82.1271466,POINT (82.1271466 22.0920206),252,3942949.59384
Chhattisgarh,Chhattisgarh,Korba,Korba,"Rampur, Korba - CECB",site_5656,22.374284,82.747178,POINT (82.747178 22.374284),252,3942949.59384
Chhattisgarh,Chhattisgarh,Korba,Korba,"Urja Nagar, Korba - CECB",site_5657,22.5198217,82.63500285150224,POINT (82.63500285150224 22.5198217),252,3942949.59384
Chhattisgarh,Chhattisgarh,Kunjemura,Kunjemura,"OP Jindal School, Kunjemura - CECB",site_5690,21.6637359,81.8406351,POINT (81.8406351 21.6637359),252,3942949.59384
Chhattisgarh,Chhattisgarh,Milupara,Milupara,"Govt. Higher Secondary School, Milupara - CECB",site_5691,21.6637359,81.8406351,POINT (81.8406351 21.6637359),252,3942949.59384
Chhattisgarh,Chhattisgarh,Raipur,Raipur,"Krishak Nagar, Raipur - CECB",site_5654,21.2380912,81.6336993,POINT (81.6336993 21.2380912),252,3942949.59384
Chhattisgarh,Chhattisgarh,Raipur,Raipur,"AIIMS, Raipur - CECB",site_5652,21.25614605,81.57886935674625,POINT (81.57886935674625 21.25614605),252,3942949.59384
Chhattisgarh,Chhattisgarh,Raipur,Raipur,"Siltara Phase-II, Raipur - CECB",site_5653,21.2380912,81.6336993,POINT (81.6336993 21.2380912),252,3942949.59384
Chhattisgarh,Chhattisgarh,Raipur,Raipur,"Bhatagaon New ISBT, Raipur - CECB",site_5655,21.2380912,81.6336993,POINT (81.6336993 21.2380912),252,3942949.59384
Chhattisgarh,Chhattisgarh,Tumidih,Tumidih,"OP Jindal Industrial Park, Tumidih - CECB",site_5692,21.6637359,81.8406351,POINT (81.8406351 21.6637359),252,3942949.59384
Delhi,Delhi,Delhi,Delhi,"NSIT Dwarka, Delhi - CPCB",site_115,28.6109477,77.03845634495539,POINT (77.03845634495539 28.6109477),252,3942949.59384
Delhi,Delhi,Delhi,Delhi,"Mandir Marg, Delhi - DPCC",site_122,28.63149725059628,77.19848312962061,POINT (77.19848312962061 28.63149725059628),252,3942949.59384
Delhi,Delhi,Delhi,Delhi,"Jawaharlal Nehru Stadium, Delhi - DPCC",site_1424,28.58337705,77.23354040287734,POINT (77.23354040287734 28.58337705),252,3942949.59384
Delhi,Delhi,Delhi,Delhi,"Patparganj, Delhi - DPCC",site_1431,28.6115923,77.2905644,POINT (77.2905644 28.6115923),252,3942949.59384
Delhi,Delhi,Delhi,Delhi,"Pusa, Delhi - DPCC",site_1563,28.63629965,77.15764441079895,POINT (77.15764441079895 28.63629965),252,3942949.59384
Delhi,Delhi,Delhi,Delhi,"Nehru Nagar, Delhi - DPCC",site_1429,28.5685108,77.2513847,POINT (77.2513847 28.5685108),252,3942949.59384
Delhi,Delhi,Delhi,Delhi,"Aya Nagar, Delhi - IMD",site_108,28.47649105,77.13291315925144,POINT (77.13291315925144 28.47649105),252,3942949.59384
Delhi,Delhi,Delhi,Delhi,"CRRI Mathura Road, Delhi - IMD",site_103,28.5500925,77.2751557,POINT (77.2751557 28.5500925),252,3942949.59384
Delhi,Delhi,Delhi,Delhi,"ITO, Delhi - CPCB",site_117,28.6281909,77.2410437,POINT (77.2410437 28.6281909),252,3942949.59384
Delhi,Delhi,Delhi,Delhi,"Bawana, Delhi - DPCC",site_1560,28.79966,77.0328847,POINT (77.0328847 28.79966),252,3942949.59384
Delhi,Delhi,Delhi,Delhi,"R K Puram, Delhi - DPCC",site_124,28.5503805,77.1855231,POINT (77.1855231 28.5503805),252,3942949.59384
Delhi,Delhi,Delhi,Delhi,"Dr. Karni Singh Shooting Range, Delhi - DPCC",site_1421,28.5000822,77.26751472410736,POINT (77.26751472410736 28.5000822),252,3942949.59384
Delhi,Delhi,Delhi,Delhi,"Narela, Delhi - DPCC",site_1426,28.8464766,77.0856631,POINT (77.0856631 28.8464766),252,3942949.59384
Delhi,Delhi,Delhi,Delhi,"Alipur, Delhi - DPCC",site_5024,28.7973118,77.138667,POINT (77.138667 28.7973118),252,3942949.59384
Delhi,Delhi,Delhi,Delhi,"North Campus, DU, Delhi - IMD",site_105,28.6273928,77.1716954,POINT (77.1716954 28.6273928),252,3942949.59384
Delhi,Delhi,Delhi,Delhi,"DTU, Delhi - CPCB",site_118,28.75081525,77.11627651586947,POINT (77.11627651586947 28.75081525),252,3942949.59384
Delhi,Delhi,Delhi,Delhi,"Dwarka-Sector 8, Delhi - DPCC ",site_1422,22.2424747,68.9671448,POINT (68.9671448 22.2424747),252,3942949.59384
Delhi,Delhi,Delhi,Delhi,"Mundka, Delhi - DPCC",site_1561,28.6819261,77.0308105,POINT (77.0308105 28.6819261),252,3942949.59384
Delhi,Delhi,Delhi,Delhi,"Wazirpur, Delhi - DPCC",site_1434,28.6800843,77.17022123990277,POINT (77.17022123990277 28.6800843),252,3942949.59384
Delhi,Delhi,Delhi,Delhi,"Najafgarh, Delhi - DPCC",site_1427,28.6124504,76.9865067,POINT (76.9865067 28.6124504),252,3942949.59384
Delhi,Delhi,Delhi,Delhi,"Punjabi Bagh, Delhi - DPCC",site_125,28.672995,77.1461239,POINT (77.1461239 28.672995),252,3942949.59384
Delhi,Delhi,Delhi,Delhi,"Shadipur, Delhi - CPCB",site_113,28.6515829,77.1582587,POINT (77.1582587 28.6515829),252,3942949.59384
Delhi,Delhi,Delhi,Delhi,"IGI Airport (T3), Delhi - IMD",site_106,28.55435588569769,77.0974745793394,POINT (77.0974745793394 28.55435588569769),252,3942949.59384
Delhi,Delhi,Delhi,Delhi,"Vivek Vihar, Delhi - DPCC",site_1435,28.6691641,77.31226695421603,POINT (77.31226695421603 28.6691641),252,3942949.59384
Delhi,Delhi,Delhi,Delhi,"Rohini, Delhi - DPCC",site_1430,28.7162092,77.1170743,POINT (77.1170743 28.7162092),252,3942949.59384
Delhi,Delhi,Delhi,Delhi,"IHBAS, Dilshad Garden, Delhi - CPCB",site_114,28.6273928,77.1716954,POINT (77.1716954 28.6273928),252,3942949.59384
Delhi,Delhi,Delhi,Delhi,"Jahangirpuri, Delhi - DPCC",site_1423,28.7259717,77.162658,POINT (77.162658 28.7259717),252,3942949.59384
Delhi,Delhi,Delhi,Delhi,"Okhla Phase-2, Delhi - DPCC",site_1428,28.5273409,77.2794327,POINT (77.2794327 28.5273409),252,3942949.59384
Delhi,Delhi,Delhi,Delhi,"Sri Aurobindo Marg, Delhi - DPCC",site_1562,28.5396291,77.2000301,POINT (77.2000301 28.5396291),252,3942949.59384
Delhi,Delhi,Delhi,Delhi,"Chandni Chowk, Delhi - IITM",site_5393,28.6559834,77.2321937,POINT (77.2321937 28.6559834),252,3942949.59384
Delhi,Delhi,Delhi,Delhi,"Pusa, Delhi - IMD",site_107,28.63629965,77.15764441079895,POINT (77.15764441079895 28.63629965),252,3942949.59384
Delhi,Delhi,Delhi,Delhi,"Sirifort, Delhi - CPCB",site_119,28.6273928,77.1716954,POINT (77.1716954 28.6273928),252,3942949.59384
Delhi,Delhi,Delhi,Delhi,"Ashok Vihar, Delhi - DPCC",site_1420,28.6885171,77.1739339,POINT (77.1739339 28.6885171),252,3942949.59384
Delhi,Delhi,Delhi,Delhi,"Anand Vihar, Delhi - DPCC",site_301,28.6468919,77.316053,POINT (77.316053 28.6468919),252,3942949.59384
Delhi,Delhi,Delhi,Delhi,"Major Dhyan Chand National Stadium, Delhi - DPCC",site_1425,28.6126342,77.23733038046025,POINT (77.23733038046025 28.6126342),252,3942949.59384
Delhi,Delhi,Delhi,Delhi,"Lodhi Road, Delhi - IITM",site_5395,28.589735842728707,77.21633357502235,POINT (77.21633357502235 28.589735842728707),252,3942949.59384
Delhi,Delhi,Delhi,Delhi,"Sonia Vihar, Delhi - DPCC",site_1432,28.7199257,77.2481823,POINT (77.2481823 28.7199257),252,3942949.59384
Delhi,Delhi,Delhi,Delhi,"Burari Crossing, Delhi - IMD",site_104,28.7285944,77.1993251,POINT (77.1993251 28.7285944),252,3942949.59384
Delhi,Delhi,Delhi,Delhi,"Lodhi Road, Delhi - IMD",site_109,28.589735842728707,77.21633357502235,POINT (77.21633357502235 28.589735842728707),252,3942949.59384
Gujarat,Gujarat,Ahmedabad,Ahmedabad,"Raikhad, Ahmedabad - IITM",site_5452,23.0215374,72.5800568,POINT (72.5800568 23.0215374),252,3942949.59384
Gujarat,Gujarat,Ahmedabad,Ahmedabad,"SAC ISRO Bopal, Ahmedabad - IITM",site_5454,23.0215374,72.5800568,POINT (72.5800568 23.0215374),252,3942949.59384
Gujarat,Gujarat,Ahmedabad,Ahmedabad,"SAC ISRO Satellite, Ahmedabad - IITM",site_5455,23.0215374,72.5800568,POINT (72.5800568 23.0215374),252,3942949.59384
Gujarat,Gujarat,Ahmedabad,Ahmedabad,"Gyaspur, Ahmedabad - IITM",site_5450,22.98452765,72.5280630306056,POINT (72.5280630306056 22.98452765),252,3942949.59384
Gujarat,Gujarat,Ahmedabad,Ahmedabad,"Maninagar, Ahmedabad - GPCB",site_308,22.9986596,72.6114013,POINT (72.6114013 22.9986596),252,3942949.59384
Gujarat,Gujarat,Ahmedabad,Ahmedabad,"Sardar Vallabhbhai Patel Stadium, Ahmedabad - IITM",site_5449,23.0215374,72.5800568,POINT (72.5800568 23.0215374),252,3942949.59384
Gujarat,Gujarat,Ahmedabad,Ahmedabad,"SVPI Airport Hansol, Ahmedabad - IITM",site_5456,23.0215374,72.5800568,POINT (72.5800568 23.0215374),252,3942949.59384
Gujarat,Gujarat,Ahmedabad,Ahmedabad,"Rakhial, Ahmedabad - IITM",site_5451,23.02191931983513,72.61231720719366,POINT (72.61231720719366 23.02191931983513),252,3942949.59384
Gujarat,Gujarat,Ahmedabad,Ahmedabad,"Chandkheda, Ahmedabad - IITM",site_5453,23.1100643,72.5811205,POINT (72.5811205 23.1100643),252,3942949.59384
Gujarat,Gujarat,Ankleshwar,Ankleshwar,"GIDC, Ankleshwar - GPCB",site_5065,21.63639045,72.98870170424206,POINT (72.98870170424206 21.63639045),252,3942949.59384
Gujarat,Gujarat,Gandhinagar,Gandhinagar,"IIPHG Lekawada, Gandhinagar - IITM",site_5457,23.2232877,72.6492267,POINT (72.6492267 23.2232877),252,3942949.59384
Gujarat,Gujarat,Gandhinagar,Gandhinagar,"GIFT City, Gandhinagar - IITM",site_5458,23.16290525,72.68869496501037,POINT (72.68869496501037 23.16290525),252,3942949.59384
Gujarat,Gujarat,Nandesari,Nandesari,"GIDC, Nandesari - Nandesari Ind. Association",site_5274,22.4178037,73.0949186,POINT (73.0949186 22.4178037),252,3942949.59384
Gujarat,Gujarat,Surat,Surat,"Science Center, Surat - SMC",site_5664,21.2094892,72.8317058,POINT (72.8317058 21.2094892),252,3942949.59384
Gujarat,Gujarat,Vapi,Vapi,"Phase-1 GIDC, Vapi - GPCB",site_5071,28.066902773859507,76.1037251384261,POINT (76.1037251384261 28.066902773859507),252,3942949.59384
Gujarat,Gujarat,Vatva,Vatva,"Phase-4 GIDC, Vatva - GPCB",site_5067,28.066902773859507,76.1037251384261,POINT (76.1037251384261 28.066902773859507),252,3942949.59384
Haryana,Haryana,Ambala,Ambala,"Patti Mehar, Ambala - HSPCB",site_5052,30.3843674,76.770421,POINT (76.770421 30.3843674),252,3942949.59384
Haryana,Haryana,Bahadurgarh,Bahadurgarh,"Arya Nagar, Bahadurgarh - HSPCB",site_5045,28.6609648,76.83467647083376,POINT (76.83467647083376 28.6609648),252,3942949.59384
Haryana,Haryana,Ballabgarh,Ballabgarh,"Nathu Colony, Ballabgarh - HSPCB",site_5060,28.2940728,77.35922381594979,POINT (77.35922381594979 28.2940728),252,3942949.59384
Haryana,Haryana,Bhiwani,Bhiwani,"H.B. Colony, Bhiwani - HSPCB",site_5047,28.7931703,76.1391283,POINT (76.1391283 28.7931703),252,3942949.59384
Haryana,Haryana,Charkhi Dadri,Charkhi Dadri,"Mini Secretariat, Charkhi Dadri - HSPCB",site_5339,28.5919933,76.2719817,POINT (76.2719817 28.5919933),252,3942949.59384
Haryana,Haryana,Dharuhera,Dharuhera,"Municipal Corporation Office, Dharuhera -  HSPCB",site_5044,28.2055216,76.7953099,POINT (76.7953099 28.2055216),252,3942949.59384
Haryana,Haryana,Faridabad,Faridabad,"Sector 30, Faridabad - HSPCB",site_5341,28.4427368,77.32044886132684,POINT (77.32044886132684 28.4427368),252,3942949.59384
Haryana,Haryana,Faridabad,Faridabad,"Sector 11, Faridabad - HSPCB",site_5342,28.3759341,77.31854412915146,POINT (77.31854412915146 28.3759341),252,3942949.59384
Haryana,Haryana,Faridabad,Faridabad,"New Industrial Town, Faridabad - HSPCB",site_5340,28.4031478,77.3105561,POINT (77.3105561 28.4031478),252,3942949.59384
Haryana,Haryana,Fatehabad,Fatehabad,"Huda Sector, Fatehabad - HSPCB",site_5054,29.5359209,75.57529014661358,POINT (75.57529014661358 29.5359209),252,3942949.59384
Haryana,Haryana,Gurugram,Gurugram,"Teri Gram, Gurugram - HSPCB",site_5344,28.4271632,77.14881132124495,POINT (77.14881132124495 28.4271632),252,3942949.59384
Haryana,Haryana,Gurugram,Gurugram,"Vikas Sadan, Gurugram - HSPCB",site_146,28.4646148,77.0299194,POINT (77.0299194 28.4646148),252,3942949.59384
Haryana,Haryana,Gurugram,Gurugram,"NISE Gwal Pahari, Gurugram - IMD",site_5025,28.4646148,77.0299194,POINT (77.0299194 28.4646148),252,3942949.59384
Haryana,Haryana,Hisar,Hisar,"Urban Estate-II, Hisar - HSPCB",site_5057,29.14079195,75.74205197875179,POINT (75.74205197875179 29.14079195),252,3942949.59384
Haryana,Haryana,Jind,Jind,"Police Lines, Jind - HSPCB",site_5056,29.3152073,76.314082,POINT (76.314082 29.3152073),252,3942949.59384
Haryana,Haryana,Kaithal,Kaithal,"Rishi Nagar, Kaithal - HSPCB",site_5072,29.7996588,76.3989903,POINT (76.3989903 29.7996588),252,3942949.59384
Haryana,Haryana,Mandikhera,Mandikhera,"General Hospital, Mandikhera - HSPCB",site_5055,27.897075,76.9922014,POINT (76.9922014 27.897075),252,3942949.59384
Haryana,Haryana,Narnaul,Narnaul,"Shastri Nagar, Narnaul - HSPCB",site_5053,28.0438456,76.1062015,POINT (76.1062015 28.0438456),252,3942949.59384
Haryana,Haryana,Palwal ,Palwal ,"Shyam Nagar, Palwal - HSPCB",site_5050,28.0599426,77.32234220926105,POINT (77.32234220926105 28.0599426),252,3942949.59384
Haryana,Haryana,Panchgaon,Panchgaon,"Amity University, Panchgaon - IITM",site_6011,21.93637165,79.19734213658083,POINT (79.19734213658083 21.93637165),252,3942949.59384
Haryana,Haryana,Rohtak,Rohtak,"MD University, Rohtak - HSPCB",site_147,28.9010899,76.5801935,POINT (76.5801935 28.9010899),252,3942949.59384
Haryana,Haryana,Sonipat,Sonipat,"Murthal, Sonipat - HSPCB",site_5041,29.0396149,77.0894535,POINT (77.0894535 29.0396149),252,3942949.59384
Haryana,Haryana,Yamuna Nagar,Yamuna Nagar,"Gobind Pura, Yamuna Nagar - HSPCB",site_5046,19.1481254,72.827599,POINT (72.827599 19.1481254),252,3942949.59384
Himachal Pradesh,Himachal Pradesh,Baddi,Baddi,"HIMUDA Complex Phase-1, Baddi - HPPCB",site_5586,30.9763026,76.7674000810934,POINT (76.7674000810934 30.9763026),252,3942949.59384
Jammu and Kashmir,Jammu and Kashmir,Srinagar,Srinagar,"Rajbagh, Srinagar - JKSPCB",site_5424,34.065992,74.8279023,POINT (74.8279023 34.065992),252,3942949.59384
Jharkhand,Jharkhand,Dhanbad,Dhanbad,"Kalakusuma, Dhanbad - DMC",site_5827,23.7952809,86.4309638,POINT (86.4309638 23.7952809),252,3942949.59384
Jharkhand,Jharkhand,Dhanbad,Dhanbad,"Sardar Patel Nagar, Dhanbad - JSPCB",site_5710,23.7952809,86.4309638,POINT (86.4309638 23.7952809),252,3942949.59384
Jharkhand,Jharkhand,Jorapokhar,Jorapokhar,"Tata Stadium, Jorapokhar - JSPCB",site_254,23.7167069,86.4110166,POINT (86.4110166 23.7167069),252,3942949.59384
Jharkhand,Jharkhand,Pathardih,Pathardih,"Mohalbani Ghat, Pathardih - DMC",site_5832,23.6753417,86.4282846,POINT (86.4282846 23.6753417),252,3942949.59384
Karnataka,Karnataka,Bagalkot,Bagalkot,"Vidayagiri, Bagalkot - KSPCB",site_5264,16.1793224,75.6999315,POINT (75.6999315 16.1793224),252,3942949.59384
Karnataka,Karnataka,Belgaum,Belgaum,"Ramteerth Nagar, Belgaum - KSPCB",site_5432,15.8852297,74.5424187,POINT (74.5424187 15.8852297),252,3942949.59384
Karnataka,Karnataka,Bengaluru,Bengaluru,"RVCE-Mailasandra, Bengaluru - KSPCB",site_5678,12.9232191,77.50064642949692,POINT (77.50064642949692 12.9232191),252,3942949.59384
Karnataka,Karnataka,Bengaluru,Bengaluru,"Jigani, Bengaluru - KSPCB",site_5729,12.7807858,77.64102425962022,POINT (77.64102425962022 12.7807858),252,3942949.59384
Karnataka,Karnataka,Bengaluru,Bengaluru,"City Railway Station, Bengaluru - KSPCB",site_165,12.98815675,77.62260003796,POINT (77.62260003796 12.98815675),252,3942949.59384
Karnataka,Karnataka,Bengaluru,Bengaluru,"Jayanagar 5th Block, Bengaluru - KSPCB",site_1556,12.9196037,77.583381,POINT (77.583381 12.9196037),252,3942949.59384
Karnataka,Karnataka,Bengaluru,Bengaluru,"BTM Layout, Bengaluru - CPCB",site_162,12.9151772,77.6102821,POINT (77.6102821 12.9151772),252,3942949.59384
Karnataka,Karnataka,Bengaluru,Bengaluru,"Silk Board, Bengaluru - KSPCB",site_1558,12.9167972,77.6235628,POINT (77.6235628 12.9167972),252,3942949.59384
Karnataka,Karnataka,Bengaluru,Bengaluru,"Bapuji Nagar, Bengaluru - KSPCB",site_1553,12.9556699,77.5402492,POINT (77.5402492 12.9556699),252,3942949.59384
Karnataka,Karnataka,Bengaluru,Bengaluru,"Hebbal, Bengaluru - KSPCB",site_1554,13.0382184,77.5919,POINT (77.5919 13.0382184),252,3942949.59384
Karnataka,Karnataka,Bengaluru,Bengaluru,"Peenya, Bengaluru - CPCB",site_163,13.0329814,77.5331801,POINT (77.5331801 13.0329814),252,3942949.59384
Karnataka,Karnataka,Bengaluru,Bengaluru,"Hombegowda Nagar, Bengaluru - KSPCB",site_1555,12.94914525,77.59813853450976,POINT (77.59813853450976 12.94914525),252,3942949.59384
Karnataka,Karnataka,Bengaluru,Bengaluru,"BWSSB Kadabesanahalli, Bengaluru - CPCB",site_164,12.98815675,77.62260003796,POINT (77.62260003796 12.98815675),252,3942949.59384
Karnataka,Karnataka,Bengaluru,Bengaluru,"Kasturi Nagar, Bengaluru - KSPCB",site_5681,13.0044979,77.6603231,POINT (77.6603231 13.0044979),252,3942949.59384
Karnataka,Karnataka,Bengaluru,Bengaluru,"Shivapura_Peenya, Bengaluru - KSPCB",site_5686,12.98815675,77.62260003796,POINT (77.62260003796 12.98815675),252,3942949.59384
Karnataka,Karnataka,Bengaluru,Bengaluru,"Sanegurava Halli, Bengaluru - KSPCB",site_166,12.98815675,77.62260003796,POINT (77.62260003796 12.98815675),252,3942949.59384
Karnataka,Karnataka,Bidar,Bidar,"Naubad, Bidar - KSPCB",site_5418,17.932637,77.4741107,POINT (77.4741107 17.932637),252,3942949.59384
Karnataka,Karnataka,Chamarajanagar,Chamarajanagar,"Urban, Chamarajanagar - KSPCB",site_5124,11.95442005,77.1069086262881,POINT (77.1069086262881 11.95442005),252,3942949.59384
Karnataka,Karnataka,Chikkaballapur,Chikkaballapur,"Chikkaballapur Rural, Chikkaballapur - KSPCB",site_1557,13.099376424266564,77.38872899876924,POINT (77.38872899876924 13.099376424266564),252,3942949.59384
Karnataka,Karnataka,Chikkamagaluru,Chikkamagaluru,"Kalyana Nagara, Chikkamagaluru - KSPCB",site_5265,13.4058699,75.63875801157945,POINT (75.63875801157945 13.4058699),252,3942949.59384
Karnataka,Karnataka,Davanagere,Davanagere,"Devaraj Urs Badavane, Davanagere - KSPCB",site_5422,14.47895585,75.90717496023439,POINT (75.90717496023439 14.47895585),252,3942949.59384
Karnataka,Karnataka,Dharwad,Dharwad,"Kalabhavan, Dharwad - KSPCB",site_5638,15.3707296,75.13328673460543,POINT (75.13328673460543 15.3707296),252,3942949.59384
Karnataka,Karnataka,Gadag,Gadag,"Panchal Nagar, Gadag - KSPCB",site_5419,15.41669195,75.6815801296564,POINT (75.6815801296564 15.41669195),252,3942949.59384
Karnataka,Karnataka,Hassan,Hassan,"B.Katihalli, Hassan - KSPCB",site_5448,13.0163698,76.1301176,POINT (76.1301176 13.0163698),252,3942949.59384
Karnataka,Karnataka,Haveri,Haveri,"Ashwini Nagar, Haveri - KSPCB",site_5420,14.71802675,75.36564232024529,POINT (75.36564232024529 14.71802675),252,3942949.59384
Karnataka,Karnataka,Hubballi,Hubballi,"Lingaraj Nagar, Hubballi - KSPCB",site_5680,15.3709682,75.1150695,POINT (75.1150695 15.3709682),252,3942949.59384
Karnataka,Karnataka,Hubballi,Hubballi,"Deshpande Nagar, Hubballi - KSPCB",site_1447,15.3597632,75.13629477439613,POINT (75.13629477439613 15.3597632),252,3942949.59384
Karnataka,Karnataka,Kalaburagi,Kalaburagi,"Lal Bahadur Shastri Nagar, Kalaburagi - KSPCB",site_1565,17.240895700000003,76.76974392025645,POINT (76.76974392025645 17.240895700000003),252,3942949.59384
Karnataka,Karnataka,Kalaburagi,Kalaburagi,"Mahatma Basaveswar Colony, Kalaburgi - KSPCB",site_5679,17.240895700000003,76.76974392025645,POINT (76.76974392025645 17.240895700000003),252,3942949.59384
Karnataka,Karnataka,Karwar,Karwar,"KHB Colony, Karwar - KSPCB",site_5853,14.8120931,74.1319229,POINT (74.1319229 14.8120931),252,3942949.59384
Karnataka,Karnataka,Kolar,Kolar,"Tamaka Ind. Area, Kolar - KSPCB",site_1551,13.1277079,78.15896173851549,POINT (78.15896173851549 13.1277079),252,3942949.59384
Karnataka,Karnataka,Koppal,Koppal,"Diwator Nagar, Koppal - KSPCB",site_5415,15.57482375,76.3118493692591,POINT (76.3118493692591 15.57482375),252,3942949.59384
Karnataka,Karnataka,Madikeri,Madikeri,"Stuart Hill, Madikeri - KSPCB",site_5391,12.42149,75.7387543,POINT (75.7387543 12.42149),252,3942949.59384
Karnataka,Karnataka,Mangalore,Mangalore,"Kadri, Mangalore - KSPCB",site_5421,12.8897288,74.8501424,POINT (74.8501424 12.8897288),252,3942949.59384
Karnataka,Karnataka,Mysuru,Mysuru,"Hebbal 1st Stage, Mysuru - KSPCB",site_5125,12.3051828,76.6553609,POINT (76.6553609 12.3051828),252,3942949.59384
Karnataka,Karnataka,Raichur,Raichur,"Haji Colony, Raichur - KSPCB",site_5414,16.054719400000003,76.90036472411589,POINT (76.90036472411589 16.054719400000003),252,3942949.59384
Karnataka,Karnataka,Ramanagara,Ramanagara,"Vijay Nagar, Ramanagara - KSPCB",site_5255,12.72000595,77.31841990623,POINT (77.31841990623 12.72000595),252,3942949.59384
Karnataka,Karnataka,Shivamogga,Shivamogga,"Vinoba Nagara, Shivamogga - KSPCB",site_5266,13.9370622,75.5697142,POINT (75.5697142 13.9370622),252,3942949.59384
Karnataka,Karnataka,Tumakuru,Tumakuru,"Thimmalapura, Tumakuru - KSPCB",site_5682,13.4192512,76.88100044465654,POINT (76.88100044465654 13.4192512),252,3942949.59384
Karnataka,Karnataka,Udupi,Udupi,"Brahmagiri, Udupi - KSPCB",site_5433,13.3412188,74.7407976,POINT (74.7407976 13.3412188),252,3942949.59384
Karnataka,Karnataka,Vijayapura,Vijayapura,"Ibrahimpur, Vijayapura - KSPCB",site_5267,16.8034264,75.7199513,POINT (75.7199513 16.8034264),252,3942949.59384
Karnataka,Karnataka,Yadgir,Yadgir,"Collector Office, Yadgir - KSPCB",site_5254,16.57441225,76.92544344576471,POINT (76.92544344576471 16.57441225),252,3942949.59384
Kerala,Kerala,Eloor,Eloor,"Udyogamandal, Eloor - Kerala PCB",site_5105,10.06729635,76.30912074728826,POINT (76.30912074728826 10.06729635),252,3942949.59384
Kerala,Kerala,Ernakulam,Ernakulam,"Kacheripady, Ernakulam - Kerala PCB",site_5272,9.9861492,76.28405005,POINT (76.28405005 9.9861492),252,3942949.59384
Kerala,Kerala,Kannur,Kannur,"Thavakkara, Kannur - Kerala PCB",site_5276,11.8718213,75.3676065,POINT (75.3676065 11.8718213),252,3942949.59384
Kerala,Kerala,Kochi,Kochi,"Vyttila, Kochi - Kerala PCB",site_5270,9.97436775954181,76.3176496392377,POINT (76.3176496392377 9.97436775954181),252,3942949.59384
Kerala,Kerala,Kollam,Kollam,"Polayathode, Kollam - Kerala PCB",site_5334,8.8870815,76.5907017,POINT (76.5907017 8.8870815),252,3942949.59384
Kerala,Kerala,Kozhikode,Kozhikode,"Palayam, Kozhikode - Kerala PCB",site_5271,11.2459092,75.7803858,POINT (75.7803858 11.2459092),252,3942949.59384
Kerala,Kerala,Thiruvananthapuram,Thiruvananthapuram,"Plammoodu, Thiruvananthapuram - Kerala PCB",site_252,8.4882267,76.947551,POINT (76.947551 8.4882267),252,3942949.59384
Kerala,Kerala,Thiruvananthapuram,Thiruvananthapuram,"Kariavattom, Thiruvananthapuram - Kerala PCB",site_5331,8.561554057465989,76.88289487834747,POINT (76.88289487834747 8.561554057465989),252,3942949.59384
Kerala,Kerala,Thrissur,Thrissur,"Corporation Ground, Thrissur - Kerala PCB",site_5390,10.5445159,76.22120725938618,POINT (76.22120725938618 10.5445159),252,3942949.59384
Madhya Pradesh,Madhya Pradesh,Bhopal,Bhopal,"Idgah Hills, Bhopal - MPPCB",site_5708,23.2656639,77.385696,POINT (77.385696 23.2656639),252,3942949.59384
Madhya Pradesh,Madhya Pradesh,Bhopal,Bhopal,"T T Nagar, Bhopal - MPPCB",site_5247,23.2286993,77.4002881,POINT (77.4002881 23.2286993),252,3942949.59384
Madhya Pradesh,Madhya Pradesh,Bhopal,Bhopal,"Paryavaran Parisar, Bhopal - MPPCB",site_5650,23.2584857,77.401989,POINT (77.401989 23.2584857),252,3942949.59384
Madhya Pradesh,Madhya Pradesh,Damoh,Damoh,"Shrivastav Colony, Damoh - MPPCB",site_5040,23.7981005,79.54193561694873,POINT (79.54193561694873 23.7981005),252,3942949.59384
Madhya Pradesh,Madhya Pradesh,Dewas,Dewas,"Bhopal Chauraha, Dewas - MPPCB",site_1404,22.8057498,76.294040773288,POINT (76.294040773288 22.8057498),252,3942949.59384
Madhya Pradesh,Madhya Pradesh,Gwalior,Gwalior,"Maharaj Bada, Gwalior - MPPCB",site_5661,26.2037247,78.1573628,POINT (78.1573628 26.2037247),252,3942949.59384
Madhya Pradesh,Madhya Pradesh,Gwalior,Gwalior,"City Center, Gwalior - MPPCB",site_5273,26.2037247,78.1573628,POINT (78.1573628 26.2037247),252,3942949.59384
Madhya Pradesh,Madhya Pradesh,Gwalior,Gwalior,"Phool Bagh, Gwalior - Mondelez Ind. Food",site_5275,26.2037247,78.1573628,POINT (78.1573628 26.2037247),252,3942949.59384
Madhya Pradesh,Madhya Pradesh,Gwalior,Gwalior,"Deen Dayal Nagar, Gwalior - MPPCB",site_5667,26.2037247,78.1573628,POINT (78.1573628 26.2037247),252,3942949.59384
Madhya Pradesh,Madhya Pradesh,Indore,Indore,"Maguda Nagar, Indore - IMC",site_5856,22.7203616,75.8681996,POINT (75.8681996 22.7203616),252,3942949.59384
Madhya Pradesh,Madhya Pradesh,Indore,Indore,"Chhoti Gwaltoli, Indore - MPPCB",site_5248,22.7203616,75.8681996,POINT (75.8681996 22.7203616),252,3942949.59384
Madhya Pradesh,Madhya Pradesh,Indore,Indore,"Residency Area, Indore - IMC",site_5854,22.7203616,75.8681996,POINT (75.8681996 22.7203616),252,3942949.59384
Madhya Pradesh,Madhya Pradesh,Indore,Indore,"Vijay Nagar Scheme-78, Indore - Glenmark",site_5709,19.17044412192647,72.96054867569674,POINT (72.96054867569674 19.17044412192647),252,3942949.59384
Madhya Pradesh,Madhya Pradesh,Indore,Indore,"Regional Park, Indore - IMC",site_5855,22.6770019,75.8561342,POINT (75.8561342 22.6770019),252,3942949.59384
Madhya Pradesh,Madhya Pradesh,Indore,Indore,"Airport Area, Indore - IMC",site_5857,22.7203616,75.8681996,POINT (75.8681996 22.7203616),252,3942949.59384
Madhya Pradesh,Madhya Pradesh,Jabalpur,Jabalpur,"Suhagi, Jabalpur - JMC",site_5816,23.2218168,79.9588284413719,POINT (79.9588284413719 23.2218168),252,3942949.59384
Madhya Pradesh,Madhya Pradesh,Jabalpur,Jabalpur,"Gupteshwar, Jabalpur - JMC",site_5817,23.1454979,79.91407249019568,POINT (79.91407249019568 23.1454979),252,3942949.59384
Madhya Pradesh,Madhya Pradesh,Jabalpur,Jabalpur,"Govindh Bhavan Colony, Jabalpur - JMC",site_5965,23.1701522,79.9324505,POINT (79.9324505 23.1701522),252,3942949.59384
Madhya Pradesh,Madhya Pradesh,Jabalpur,Jabalpur,"Marhatal, Jabalpur - MPPCB",site_5249,23.1701522,79.9324505,POINT (79.9324505 23.1701522),252,3942949.59384
Madhya Pradesh,Madhya Pradesh,Katni,Katni,"Gole Bazar, Katni - MPPCB",site_5250,23.7176393,80.26101812940934,POINT (80.26101812940934 23.7176393),252,3942949.59384
Madhya Pradesh,Madhya Pradesh,Maihar,Maihar,"Sahilara, Maihar - KJS Cements",site_5068,24.2461982,80.7277537,POINT (80.7277537 24.2461982),252,3942949.59384
Madhya Pradesh,Madhya Pradesh,Ratlam,Ratlam,"Shasthri Nagar, Ratlam - IPCA Lab",site_5042,23.50222005,74.9551534052134,POINT (74.9551534052134 23.50222005),252,3942949.59384
Madhya Pradesh,Madhya Pradesh,Sagar,Sagar,"Deen Dayal Nagar, Sagar - MPPCB",site_5269,23.80830755,78.75825398721975,POINT (78.75825398721975 23.80830755),252,3942949.59384
Madhya Pradesh,Madhya Pradesh,Sagar,Sagar,"Civil Lines, Sagar - MPPCB",site_5662,23.8408661,78.7621655,POINT (78.7621655 23.8408661),252,3942949.59384
Madhya Pradesh,Madhya Pradesh,Satna,Satna,"Bandhavgar Colony, Satna - Birla Cement",site_1433,24.6954445,80.77703482475752,POINT (80.77703482475752 24.6954445),252,3942949.59384
Madhya Pradesh,Madhya Pradesh,Singrauli,Singrauli,"Suryakiran Bhawan NCL, Singrauli - MPPCB",site_1401,24.2431343,82.3827672091869,POINT (82.3827672091869 24.2431343),252,3942949.59384
Madhya Pradesh,Madhya Pradesh,Ujjain,Ujjain,"Mahakaleshwar Temple, Ujjain - MPPCB",site_1400,23.18297215,75.76818505832998,POINT (75.76818505832998 23.18297215),252,3942949.59384
Maharashtra,Maharashtra,Ahmednagar,Ahmednagar,"Tarakpur, Ahmednagar - MPCB",site_5785,19.1054435,74.7399001,POINT (74.7399001 19.1054435),252,3942949.59384
Maharashtra,Maharashtra,Akola,Akola,"Ramdaspeth, Akola - MPCB",site_5784,20.76181225,77.1921156663574,POINT (77.1921156663574 20.76181225),252,3942949.59384
Maharashtra,Maharashtra,Amravati,Amravati,"Shivneri Colony, Amravati - MPCB",site_5786,21.15454115,77.64429617998744,POINT (77.64429617998744 21.15454115),252,3942949.59384
Maharashtra,Maharashtra,Amravati,Amravati,"Shri Shivaji Science College, Amaravati - MPCB",site_5787,20.9396375,77.7655238,POINT (77.7655238 20.9396375),252,3942949.59384
Maharashtra,Maharashtra,Aurangabad,Aurangabad,"MIDC Chilkalthana, Aurangabad - MPCB",site_5788,24.80332005,84.41101977690866,POINT (84.41101977690866 24.80332005),252,3942949.59384
Maharashtra,Maharashtra,Aurangabad,Aurangabad,"More Chowk Waluj, Aurangabad - MPCB",site_198,19.8407794,75.24716959404093,POINT (75.24716959404093 19.8407794),252,3942949.59384
Maharashtra,Maharashtra,Aurangabad,Aurangabad,"Gurdeo Nagar, Aurangabad - BSPCB",site_5544,24.80332005,84.41101977690866,POINT (84.41101977690866 24.80332005),252,3942949.59384
Maharashtra,Maharashtra,Aurangabad,Aurangabad,"Rachnakar Colony, Aurangabad - MPCB",site_5789,24.80332005,84.41101977690866,POINT (84.41101977690866 24.80332005),252,3942949.59384
Maharashtra,Maharashtra,Badlapur,Badlapur,"Katrap, Badlapur - MPCB",site_5798,19.1666237,73.2389064,POINT (73.2389064 19.1666237),252,3942949.59384
Maharashtra,Maharashtra,Belapur,Belapur,"CBD Belapur, Belapur - MPCB",site_5804,19.01902435,73.03906292408443,POINT (73.03906292408443 19.01902435),252,3942949.59384
Maharashtra,Maharashtra,Bhiwandi,Bhiwandi,"Gokul Nagar, Bhiwandi - MPCB",site_5813,19.3025562,73.0588072,POINT (73.0588072 19.3025562),252,3942949.59384
Maharashtra,Maharashtra,Boisar,Boisar,"Khaira, Boisar - MPCB",site_5809,19.7984865,72.761452,POINT (72.761452 19.7984865),252,3942949.59384
Maharashtra,Maharashtra,Chandrapur,Chandrapur,"MIDC Khutala, Chandrapur - MPCB",site_295,19.9777956,79.23633267283243,POINT (79.23633267283243 19.9777956),252,3942949.59384
Maharashtra,Maharashtra,Chandrapur,Chandrapur,"Chauhan Colony, Chandrapur - MPCB",site_271,20.0967555,79.50454752230621,POINT (79.50454752230621 20.0967555),252,3942949.59384
Maharashtra,Maharashtra,Dhule,Dhule,"Deopur, Dhule - MPCB",site_5801,20.9176811,74.7816825,POINT (74.7816825 20.9176811),252,3942949.59384
Maharashtra,Maharashtra,Jalgaon,Jalgaon,"Prabhat Colony, Jalgaon - MPCB",site_5790,20.84288265,75.52612463784979,POINT (75.52612463784979 20.84288265),252,3942949.59384
Maharashtra,Maharashtra,Jalna,Jalna,"Old MIDC, Jalna - MPCB",site_5791,19.91883295,75.87085986165867,POINT (75.87085986165867 19.91883295),252,3942949.59384
Maharashtra,Maharashtra,Kalyan,Kalyan,"Pimpleshwar Mandir, Kalyan - MPCB",site_305,19.2396742,73.1366482,POINT (73.1366482 19.2396742),252,3942949.59384
Maharashtra,Maharashtra,Kalyan,Kalyan,"Khadakpada, Kalyan - MPCB",site_5118,19.2363883,73.1303624,POINT (73.1303624 19.2363883),252,3942949.59384
Maharashtra,Maharashtra,Kolhapur,Kolhapur,"Sinchan Bhavan, Kolhapur - MPCB",site_5769,16.71382405,74.24179561014792,POINT (74.24179561014792 16.71382405),252,3942949.59384
Maharashtra,Maharashtra,Kolhapur,Kolhapur,"Shivaji University, Kolhapur - MPCB",site_5768,16.67796705,74.25156159337516,POINT (74.25156159337516 16.67796705),252,3942949.59384
Maharashtra,Maharashtra,Latur,Latur,"Sawe Wadi, Latur - MPCB",site_5780,18.40363715,76.57535704177086,POINT (76.57535704177086 18.40363715),252,3942949.59384
Maharashtra,Maharashtra,Mahad,Mahad,"Kamble Tarf Birwadi, Mahad - MPCB",site_5783,18.080753,73.42438,POINT (73.42438 18.080753),252,3942949.59384
Maharashtra,Maharashtra,Malegaon,Malegaon,"Mahesh Nagar, Malegaon - MPCB",site_5802,20.5576062,74.5246514,POINT (74.5246514 20.5576062),252,3942949.59384
Maharashtra,Maharashtra,Mira-Bhayandar,Mira-Bhayandar,"Bhayandar West, Mira-Bhayandar - MPCB",site_5806,19.3101847,72.8526988,POINT (72.8526988 19.3101847),252,3942949.59384
Maharashtra,Maharashtra,Mumbai,Mumbai,"Ghatkopar, Mumbai - BMC",site_5964,19.0856928,72.9083668,POINT (72.9083668 19.0856928),252,3942949.59384
Maharashtra,Maharashtra,Mumbai,Mumbai,"Malad West, Mumbai - IITM",site_5402,19.1852851,72.8358611,POINT (72.8358611 19.1852851),252,3942949.59384
Maharashtra,Maharashtra,Mumbai,Mumbai,"Mazgaon, Mumbai - IITM",site_5394,18.9697337,72.8406201,POINT (72.8406201 18.9697337),252,3942949.59384
Maharashtra,Maharashtra,Mumbai,Mumbai,"Kurla, Mumbai - MPCB",site_5104,19.0655397,72.87956364521199,POINT (72.87956364521199 19.0655397),252,3942949.59384
Maharashtra,Maharashtra,Mumbai,Mumbai,"Shivaji Nagar, Mumbai - BMC",site_5961,19.0637885,72.9249,POINT (72.9249 19.0637885),252,3942949.59384
Maharashtra,Maharashtra,Mumbai,Mumbai,"Bandra Kurla Complex, Mumbai - MPCB",site_5810,19.067115,72.8657245,POINT (72.8657245 19.067115),252,3942949.59384
Maharashtra,Maharashtra,Mumbai,Mumbai,"Deonar, Mumbai - IITM",site_5396,19.0475502,72.9051895,POINT (72.9051895 19.0475502),252,3942949.59384
Maharashtra,Maharashtra,Mumbai,Mumbai,"Colaba, Mumbai - MPCB",site_5120,18.915091,72.8259691,POINT (72.8259691 18.915091),252,3942949.59384
Maharashtra,Maharashtra,Mumbai,Mumbai,"Borivali East, Mumbai - MPCB",site_5113,19.2267228,72.8619328,POINT (72.8619328 19.2267228),252,3942949.59384
Maharashtra,Maharashtra,Mumbai,Mumbai,"Vile Parle West, Mumbai - MPCB",site_5106,19.103908,72.840301,POINT (72.840301 19.103908),252,3942949.59384
Maharashtra,Maharashtra,Mumbai,Mumbai,"Chembur, Mumbai - MPCB",site_5811,19.054818,72.8979713,POINT (72.8979713 19.054818),252,3942949.59384
Maharashtra,Maharashtra,Mumbai,Mumbai,"Kandivali West, Mumbai - BMC",site_5962,19.2084439,72.8420309,POINT (72.8420309 19.2084439),252,3942949.59384
Maharashtra,Maharashtra,Mumbai,Mumbai,"Kandivali East, Mumbai - MPCB",site_5412,19.2103809,72.8640837,POINT (72.8640837 19.2103809),252,3942949.59384
Maharashtra,Maharashtra,Mumbai,Mumbai,"Khindipada-Bhandup West, Mumbai - IITM",site_5397,19.165035,72.9304173,POINT (72.9304173 19.165035),252,3942949.59384
Maharashtra,Maharashtra,Mumbai,Mumbai,"Borivali East, Mumbai - IITM",site_5400,19.2267228,72.8619328,POINT (72.8619328 19.2267228),252,3942949.59384
Maharashtra,Maharashtra,Mumbai,Mumbai,"Bandra Kurla Complex, Mumbai - IITM",site_5392,19.067115,72.8657245,POINT (72.8657245 19.067115),252,3942949.59384
Maharashtra,Maharashtra,Mumbai,Mumbai,"Chhatrapati Shivaji Intl. Airport (T2), Mumbai - MPCB",site_5107,19.054999,72.8692035,POINT (72.8692035 19.054999),252,3942949.59384
Maharashtra,Maharashtra,Mumbai,Mumbai,"Sion, Mumbai - MPCB",site_5119,19.0465213,72.8632834,POINT (72.8632834 19.0465213),252,3942949.59384
Maharashtra,Maharashtra,Mumbai,Mumbai,"Vasai West, Mumbai - MPCB",site_5102,19.054999,72.8692035,POINT (72.8692035 19.054999),252,3942949.59384
Maharashtra,Maharashtra,Mumbai,Mumbai,"Bandra, Mumbai - MPCB",site_168,19.0549792,72.8402203,POINT (72.8402203 19.0549792),252,3942949.59384
Maharashtra,Maharashtra,Mumbai,Mumbai,"Sewri, Mumbai - BMC",site_5963,18.9987796,72.8544218,POINT (72.8544218 18.9987796),252,3942949.59384
Maharashtra,Maharashtra,Mumbai,Mumbai,"Mulund West, Mumbai - MPCB",site_5413,19.1719717,72.9511956,POINT (72.9511956 19.1719717),252,3942949.59384
Maharashtra,Maharashtra,Mumbai,Mumbai,"Navy Nagar-Colaba, Mumbai - IITM",site_5398,9.9296479,76.2535837,POINT (76.2535837 9.9296479),252,3942949.59384
Maharashtra,Maharashtra,Mumbai,Mumbai,"Worli, Mumbai - MPCB",site_5115,19.0116962,72.8180702,POINT (72.8180702 19.0116962),252,3942949.59384
Maharashtra,Maharashtra,Mumbai,Mumbai,"Mindspace-Malad West, Mumbai - MPCB",site_5807,19.18478475,72.8341349562728,POINT (72.8341349562728 19.18478475),252,3942949.59384
Maharashtra,Maharashtra,Mumbai,Mumbai,"Byculla, Mumbai - BMC",site_5960,18.9766219,72.8327936,POINT (72.8327936 18.9766219),252,3942949.59384
Maharashtra,Maharashtra,Mumbai,Mumbai,"Kherwadi_Bandra East, Mumbai - MPCB",site_5814,19.0613396,72.8500552,POINT (72.8500552 19.0613396),252,3942949.59384
Maharashtra,Maharashtra,Mumbai,Mumbai,"Powai, Mumbai - MPCB",site_5112,19.1187195,72.9073476,POINT (72.9073476 19.1187195),252,3942949.59384
Maharashtra,Maharashtra,Mumbai,Mumbai,"Siddharth Nagar-Worli, Mumbai - IITM",site_5403,18.5654242,73.81363047914618,POINT (73.81363047914618 18.5654242),252,3942949.59384
Maharashtra,Maharashtra,Nagpur,Nagpur,"Ram Nagar, Nagpur - MPCB",site_5793,21.1038625,79.1143726,POINT (79.1143726 21.1038625),252,3942949.59384
Maharashtra,Maharashtra,Nagpur,Nagpur,"Mahal, Nagpur - MPCB",site_5796,21.1429969,79.1101819,POINT (79.1101819 21.1429969),252,3942949.59384
Maharashtra,Maharashtra,Nagpur,Nagpur,"Opp GPO Civil Lines, Nagpur - MPCB",site_303,21.1498134,79.0820556,POINT (79.0820556 21.1498134),252,3942949.59384
Maharashtra,Maharashtra,Nagpur,Nagpur,"Ambazari, Nagpur - MPCB",site_5792,21.0521325,78.8359702,POINT (78.8359702 21.0521325),252,3942949.59384
Maharashtra,Maharashtra,Nanded,Nanded,"Sneh Nagar, Nanded - MPCB",site_5795,19.09400875,77.48319215130235,POINT (77.48319215130235 19.09400875),252,3942949.59384
Maharashtra,Maharashtra,Nashik,Nashik,"Pandav Nagari, Nashik - MPCB",site_5779,19.9579704,73.7797063,POINT (73.7797063 19.9579704),252,3942949.59384
Maharashtra,Maharashtra,Nashik,Nashik,"MIDC Ambad, Nashik - MPCB",site_5781,20.0112475,73.7902364,POINT (73.7902364 20.0112475),252,3942949.59384
Maharashtra,Maharashtra,Nashik,Nashik,"Gangapur Road, Nashik - MPCB",site_304,20.055880209470114,73.68380255226417,POINT (73.68380255226417 20.055880209470114),252,3942949.59384
Maharashtra,Maharashtra,Nashik,Nashik,"Hirawadi, Nashik - MPCB",site_5782,20.011310302571136,73.8040470467616,POINT (73.8040470467616 20.011310302571136),252,3942949.59384
Maharashtra,Maharashtra,Navi Mumbai,Navi Mumbai,"Airoli, Navi Mumbai - MPCB",site_261,19.1585147,72.99940185331164,POINT (72.99940185331164 19.1585147),252,3942949.59384
Maharashtra,Maharashtra,Navi Mumbai,Navi Mumbai,"Tondare-Taloja, Navi Mumbai - MPCB",site_5803,19.445959,72.818308,POINT (72.818308 19.445959),252,3942949.59384
Maharashtra,Maharashtra,Navi Mumbai,Navi Mumbai,"Sanpada, Navi Mumbai - MPCB",site_5815,19.06597735,73.00953290144423,POINT (73.00953290144423 19.06597735),252,3942949.59384
Maharashtra,Maharashtra,Navi Mumbai,Navi Mumbai,"Mahape, Navi Mumbai - MPCB",site_5114,19.1093012,73.0235724,POINT (73.0235724 19.1093012),252,3942949.59384
Maharashtra,Maharashtra,Navi Mumbai,Navi Mumbai,"Kopripada-Vashi, Navi Mumbai - MPCB",site_5805,19.0308262,73.0198537,POINT (73.0198537 19.0308262),252,3942949.59384
Maharashtra,Maharashtra,Navi Mumbai,Navi Mumbai,"Nerul, Navi Mumbai - MPCB",site_5103,19.03359375,73.01816400929746,POINT (73.01816400929746 19.03359375),252,3942949.59384
Maharashtra,Maharashtra,Parbhani,Parbhani,"Masoom Colony, Parbhani - MPCB",site_5794,19.29019805,76.60264434278307,POINT (76.60264434278307 19.29019805),252,3942949.59384
Maharashtra,Maharashtra,Pimpri-Chinchwad,Pimpri-Chinchwad,"Park Street Wakad, Pimpri Chinchwad - MPCB",site_5764,18.6279288,73.8009829,POINT (73.8009829 18.6279288),252,3942949.59384
Maharashtra,Maharashtra,Pimpri-Chinchwad,Pimpri-Chinchwad,"Savta Mali Nagar, Pimpri-Chinchwad - IITM",site_5998,18.6279288,73.8009829,POINT (73.8009829 18.6279288),252,3942949.59384
Maharashtra,Maharashtra,Pimpri-Chinchwad,Pimpri-Chinchwad,"Thergaon, Pimpri Chinchwad - MPCB",site_5765,18.6121379,73.77866786628553,POINT (73.77866786628553 18.6121379),252,3942949.59384
Maharashtra,Maharashtra,Pimpri-Chinchwad,Pimpri-Chinchwad,"Gavalinagar, Pimpri Chinchwad - MPCB",site_5763,18.6279288,73.8009829,POINT (73.8009829 18.6279288),252,3942949.59384
Maharashtra,Maharashtra,Pune,Pune,"Savitribai Phule Pune University, Pune - MPCB",site_5767,18.55284405,73.82662897020845,POINT (73.82662897020845 18.55284405),252,3942949.59384
Maharashtra,Maharashtra,Pune,Pune,"Bhumkar Nagar, Pune - IITM",site_5988,18.6030272,73.7494134,POINT (73.7494134 18.6030272),252,3942949.59384
Maharashtra,Maharashtra,Pune,Pune,"Hadapsar, Pune - IITM",site_5407,18.5007741,73.9379146,POINT (73.9379146 18.5007741),252,3942949.59384
Maharashtra,Maharashtra,Pune,Pune,"Karve Road, Pune - MPCB",site_292,18.50122551023972,73.81444083820844,POINT (73.81444083820844 18.50122551023972),252,3942949.59384
Maharashtra,Maharashtra,Pune,Pune,"Revenue Colony-Shivajinagar, Pune - IITM",site_5409,16.9551076,82.2462643,POINT (82.2462643 16.9551076),252,3942949.59384
Maharashtra,Maharashtra,Pune,Pune,"Mhada Colony, Pune - IITM",site_5404,18.5213738,73.8545071,POINT (73.8545071 18.5213738),252,3942949.59384
Maharashtra,Maharashtra,Pune,Pune,"Alandi, Pune - IITM",site_5405,18.6772446,73.8981129,POINT (73.8981129 18.6772446),252,3942949.59384
Maharashtra,Maharashtra,Pune,Pune,"Katraj Dairy, Pune - MPCB",site_5766,18.45382445,73.85696291019445,POINT (73.85696291019445 18.45382445),252,3942949.59384
Maharashtra,Maharashtra,Pune,Pune,"Bhosari, Pune - IITM",site_5406,18.6210093,73.8501298,POINT (73.8501298 18.6210093),252,3942949.59384
Maharashtra,Maharashtra,Pune,Pune,"Dhankawadi, Pune - IITM",site_6012,18.4652208,73.8495579,POINT (73.8495579 18.4652208),252,3942949.59384
Maharashtra,Maharashtra,Pune,Pune,"Panchawati_Pashan, Pune - IITM",site_5996,18.5213738,73.8545071,POINT (73.8545071 18.5213738),252,3942949.59384
Maharashtra,Maharashtra,Pune,Pune,"Transport Nagar-Nigdi, Pune - IITM",site_5408,26.777877,80.8826512,POINT (80.8826512 26.777877),252,3942949.59384
Maharashtra,Maharashtra,Sangli,Sangli,"Vijay Nagar, Sangli - MPCB",site_5774,16.7791503,74.6981692,POINT (74.6981692 16.7791503),252,3942949.59384
Maharashtra,Maharashtra,Solapur,Solapur,"Ratandeep Housing Society, Solapur - MPCB",site_5776,17.65265385,75.9090966121718,POINT (75.9090966121718 17.65265385),252,3942949.59384
Maharashtra,Maharashtra,Solapur,Solapur,"Solapur, Solapur - MPCB",site_302,17.6699734,75.9008118,POINT (75.9008118 17.6699734),252,3942949.59384
Maharashtra,Maharashtra,Solapur,Solapur,"Dnyaneshwar Nagar, Solapur - MPCB",site_5777,17.84990665,75.27632027348457,POINT (75.27632027348457 17.84990665),252,3942949.59384
Maharashtra,Maharashtra,Thane,Thane,"Upvan Fort, Thane - MPCB",site_5800,19.1943294,72.9701779,POINT (72.9701779 19.1943294),252,3942949.59384
Maharashtra,Maharashtra,Thane,Thane,"Kasarvadavali, Thane - MPCB",site_5797,19.2753837,72.9688917,POINT (72.9688917 19.2753837),252,3942949.59384
Maharashtra,Maharashtra,Ulhasnagar,Ulhasnagar,"Sidhi Vinayak Nagar, Ulhasnagar - MPCB",site_5812,19.2236329,73.1671515,POINT (73.1671515 19.2236329),252,3942949.59384
Maharashtra,Maharashtra,Virar,Virar,"Bolinj, Virar - MPCB",site_5808,19.4445163,72.7942676,POINT (72.7942676 19.4445163),252,3942949.59384
Manipur,Manipur,Imphal,Imphal,"Manipur University, Imphal - Manipur PCB",site_5591,24.7545772,93.92788824871704,POINT (93.92788824871704 24.7545772),252,3942949.59384
Manipur,Manipur,Imphal,Imphal,"DM College of Science, Imphal - Manipur PCB",site_5592,24.8245693,93.9422721,POINT (93.9422721 24.8245693),252,3942949.59384
Meghalaya,Meghalaya,Shillong,Shillong,"JN Stadium, Shillong - Meghalaya PCB",site_5593,25.5760446,91.8825282,POINT (91.8825282 25.5760446),252,3942949.59384
Meghalaya,Meghalaya,Shillong,Shillong,"Lumpyngngad, Shillong - Meghalaya PCB",site_5131,25.5760446,91.8825282,POINT (91.8825282 25.5760446),252,3942949.59384
Mizoram,Mizoram,Aizawl,Aizawl,"Sikulpuikawn, Aizawl - Mizoram PCB",site_5346,23.7433532,92.7382756,POINT (92.7382756 23.7433532),252,3942949.59384
Nagaland,Nagaland,Kohima,Kohima,"PWD Juction, Kohima - NPCB",site_5375,25.6618755,94.1019156,POINT (94.1019156 25.6618755),252,3942949.59384
Odisha,Odisha,Angul,Angul,"Hakimapada, Angul - OSPCB",site_5939,21.102538000000003,84.95368249418928,POINT (84.95368249418928 21.102538000000003),252,3942949.59384
Odisha,Odisha,Balasore,Balasore,"Kalidaspur, Balasore - OSPCB",site_5937,21.5006421,86.919884,POINT (86.919884 21.5006421),252,3942949.59384
Odisha,Odisha,Barbil,Barbil,"Forest Office, Barbil - OSPCB",site_5938,22.1048613,85.3690447,POINT (85.3690447 22.1048613),252,3942949.59384
Odisha,Odisha,Baripada,Baripada,"Meher Colony, Baripada - OSPCB",site_5670,21.9342456,86.7308825,POINT (86.7308825 21.9342456),252,3942949.59384
Odisha,Odisha,Bhubaneswar,Bhubaneswar,"Lingraj Mandir, Bhubaneswar - OSPCB",site_5940,20.2602964,85.8394521,POINT (85.8394521 20.2602964),252,3942949.59384
Odisha,Odisha,Bhubaneswar,Bhubaneswar,"Patia, Bhubaneswar - OSPCB",site_5943,20.36045024743886,85.82476613433253,POINT (85.82476613433253 20.36045024743886),252,3942949.59384
Odisha,Odisha,Bileipada,Bileipada,"Tata Township, Bileipada - OSPCB",site_5673,20.5431241,84.6897321,POINT (84.6897321 20.5431241),252,3942949.59384
Odisha,Odisha,Brajrajnagar,Brajrajnagar,"GM Office, Brajrajnagar - OSPCB",site_1410,21.8498594,83.9254698,POINT (83.9254698 21.8498594),252,3942949.59384
Odisha,Odisha,Byasanagar,Byasanagar,"Ferro Chrome Colony, Byasanagar - OSPCB",site_5942,20.9587602,86.1226688,POINT (86.1226688 20.9587602),252,3942949.59384
Odisha,Odisha,Cuttack,Cuttack,"CDA Area, Cuttack - OSPCB",site_5941,20.4686,85.8792,POINT (85.8792 20.4686),252,3942949.59384
Odisha,Odisha,Keonjhar,Keonjhar,"Jagamohanpur, Keonjhar - OSPCB",site_5671,21.5,85.5,POINT (85.5 21.5),252,3942949.59384
Odisha,Odisha,Nayagarh,Nayagarh,"Dabuna, Nayagarh - OSPCB",site_5674,20.23936825,85.0507280001334,POINT (85.0507280001334 20.23936825),252,3942949.59384
Odisha,Odisha,Rairangpur,Rairangpur,"Divisional Forest Office, Rairangpur - OSPCB",site_5672,22.215745,86.23254623043805,POINT (86.23254623043805 22.215745),252,3942949.59384
Odisha,Odisha,Rourkela,Rourkela,"Raghunathpali, Rourkela - OSPCB",site_5675,22.2309255,84.8678705,POINT (84.8678705 22.2309255),252,3942949.59384
Odisha,Odisha,Rourkela,Rourkela,"Fertilizer Township, Rourkela - OSPCB",site_5687,22.2309255,84.8678705,POINT (84.8678705 22.2309255),252,3942949.59384
Odisha,Odisha,Suakati,Suakati,"OMC Colony, Suakati - OSPCB",site_5676,20.5431241,84.6897321,POINT (84.6897321 20.5431241),252,3942949.59384
Odisha,Odisha,Talcher,Talcher,"Talcher Coalfields,Talcher - OSPCB",site_1408,20.9322302,85.2005822,POINT (85.2005822 20.9322302),252,3942949.59384
Puducherry,Puducherry,Puducherry,Puducherry,"Jawahar Nagar, Puducherry - PPCC",site_5423,11.9312834,79.8025673,POINT (79.8025673 11.9312834),252,3942949.59384
Punjab,Punjab,Amritsar,Amritsar,"Golden Temple, Amritsar - PPCB",site_256,31.61997865,74.87652807501824,POINT (74.87652807501824 31.61997865),252,3942949.59384
Punjab,Punjab,Bathinda,Bathinda,"Hardev Nagar, Bathinda - PPCB",site_1549,30.17948135,75.04710979185342,POINT (75.04710979185342 30.17948135),252,3942949.59384
Punjab,Punjab,Jalandhar,Jalandhar,"Civil Line, Jalandhar - PPCB",site_1438,31.29223115,75.56788777097373,POINT (75.56788777097373 31.29223115),252,3942949.59384
Punjab,Punjab,Khanna,Khanna,"Kalal Majra, Khanna - PPCB",site_1450,30.771525857134083,76.19940070609228,POINT (76.19940070609228 30.771525857134083),252,3942949.59384
Punjab,Punjab,Ludhiana,Ludhiana,"Punjab Agricultural University, Ludhiana - PPCB",site_253,30.9040094,75.8004222421504,POINT (75.8004222421504 30.9040094),252,3942949.59384
Punjab,Punjab,Mandi Gobindgarh,Mandi Gobindgarh,"RIMT University, Mandi Gobindgarh - PPCB",site_255,30.6693384,76.2974678,POINT (76.2974678 30.6693384),252,3942949.59384
Punjab,Punjab,Patiala,Patiala,"Model Town, Patiala - PPCB",site_1437,30.192163426874554,74.95445271436908,POINT (74.95445271436908 30.192163426874554),252,3942949.59384
Punjab,Punjab,Rupnagar,Rupnagar,"Ratanpura, Rupnagar - Ambuja Cements",site_1538,31.0917102,76.52897012920695,POINT (76.52897012920695 31.0917102),252,3942949.59384
Rajasthan,Rajasthan,Ajmer,Ajmer,"Civil Lines,  Ajmer - RSPCB",site_1392,26.9096783,75.7812494,POINT (75.7812494 26.9096783),252,3942949.59384
Rajasthan,Rajasthan,Alwar,Alwar,"Moti Doongri, Alwar - RSPCB",site_1390,27.41400485,76.61703869600933,POINT (76.61703869600933 27.41400485),252,3942949.59384
Rajasthan,Rajasthan,Banswara,Banswara,"Rati Talai, Banswara - RSPCB",site_5711,23.49150465,74.35021720129201,POINT (74.35021720129201 23.49150465),252,3942949.59384
Rajasthan,Rajasthan,Baran,Baran,"Bamboliya, Baran - RSPCB",site_5775,24.92081645,76.6821984669639,POINT (76.6821984669639 24.92081645),252,3942949.59384
Rajasthan,Rajasthan,Barmer,Barmer,"Railway Colony, Barmer - RSPCB",site_5714,25.5814853,71.19249222700306,POINT (71.19249222700306 25.5814853),252,3942949.59384
Rajasthan,Rajasthan,Bharatpur,Bharatpur,"Krishna Nagar, Bharatpur - RSPCB",site_5695,27.2133909,77.5142492997463,POINT (77.5142492997463 27.2133909),252,3942949.59384
Rajasthan,Rajasthan,Bhilwara,Bhilwara,"Pratap Nagar, Bhilwara - RSPCB",site_5770,25.48911765,74.33007256947698,POINT (74.33007256947698 25.48911765),252,3942949.59384
Rajasthan,Rajasthan,Bhiwadi,Bhiwadi,"Vasundhara Nagar_UIT, Bhiwadi - RSPCB",site_5982,28.2039413,76.837441,POINT (76.837441 28.2039413),252,3942949.59384
Rajasthan,Rajasthan,Bhiwadi,Bhiwadi,"RIICO Ind. Area III, Bhiwadi - RSPCB",site_1391,28.2039413,76.837441,POINT (76.837441 28.2039413),252,3942949.59384
Rajasthan,Rajasthan,Bikaner,Bikaner,"MM Ground, Bikaner - RSPCB",site_5696,28.0159286,73.3171367,POINT (73.3171367 28.0159286),252,3942949.59384
Rajasthan,Rajasthan,Bundi,Bundi,"New Colony, Bundi - RSPCB",site_5771,25.4367659,75.736147085863,POINT (75.736147085863 25.4367659),252,3942949.59384
Rajasthan,Rajasthan,Chittorgarh,Chittorgarh,"Shastri Nagar, Chittorgarh - RSPCB",site_5712,24.8924605,74.6212666,POINT (74.6212666 24.8924605),252,3942949.59384
Rajasthan,Rajasthan,Churu,Churu,"Subash Chowk, Churu - RSPCB",site_5699,28.20477805,74.69129960764752,POINT (74.69129960764752 28.20477805),252,3942949.59384
Rajasthan,Rajasthan,Dausa,Dausa,"Khatikan Mohalla, Dausa - RSPCB",site_5713,26.80486585,76.44374569929329,POINT (76.44374569929329 26.80486585),252,3942949.59384
Rajasthan,Rajasthan,Dholpur,Dholpur,"Raja Ganj, Dholpur - RSPCB",site_5700,26.7010642,77.896749,POINT (77.896749 26.7010642),252,3942949.59384
Rajasthan,Rajasthan,Dungarpur,Dungarpur,"Bhoiwada, Dungarpur - RSPCB",site_5850,23.8538893,73.7087177,POINT (73.7087177 23.8538893),252,3942949.59384
Rajasthan,Rajasthan,Hanumangarh,Hanumangarh,"Housing Board, Hanumangarh - RSPCB",site_5715,29.3659533,74.29842896506344,POINT (74.29842896506344 29.3659533),252,3942949.59384
Rajasthan,Rajasthan,Jaipur,Jaipur,"Police Commissionerate, Jaipur - RSPCB",site_134,26.9160258,75.80153943639459,POINT (75.80153943639459 26.9160258),252,3942949.59384
Rajasthan,Rajasthan,Jaipur,Jaipur,"RIICO Sitapura, Jaipur - RSPCB",site_5728,26.9154576,75.8189817,POINT (75.8189817 26.9154576),252,3942949.59384
Rajasthan,Rajasthan,Jaipur,Jaipur,"Shastri Nagar, Jaipur - RSPCB",site_1396,26.935445327565127,75.79851659295694,POINT (75.79851659295694 26.935445327565127),252,3942949.59384
Rajasthan,Rajasthan,Jaipur,Jaipur,"Mansarovar Sector-12, Jaipur - RSPCB",site_5725,26.8756076,75.7509072,POINT (75.7509072 26.8756076),252,3942949.59384
Rajasthan,Rajasthan,Jaipur,Jaipur,"Adarsh Nagar, Jaipur - RSPCB",site_1393,26.8986698,75.8163567,POINT (75.8163567 26.8986698),252,3942949.59384
Rajasthan,Rajasthan,Jaisalmer,Jaisalmer,"Sadar Bazar, Jaisalmer - RSPCB",site_5772,26.9116615,70.9124888,POINT (70.9124888 26.9116615),252,3942949.59384
Rajasthan,Rajasthan,Jalore,Jalore,"Mudtra Sili, Jalore - RSPCB",site_5851,25.27186295,72.43881214602396,POINT (72.43881214602396 25.27186295),252,3942949.59384
Rajasthan,Rajasthan,Jhalawar,Jhalawar,"Rajlaxmi Nagar, Jhalawar - RSPCB",site_5724,24.3132368,76.52210783164801,POINT (76.52210783164801 24.3132368),252,3942949.59384
Rajasthan,Rajasthan,Jhunjhunu,Jhunjhunu,"Indra Nagar, Jhunjhunu - RSPCB",site_5717,28.0810679,75.37924775151512,POINT (75.37924775151512 28.0810679),252,3942949.59384
Rajasthan,Rajasthan,Jodhpur,Jodhpur,"Samrat Ashok Udhyan, Jodhpur - RSPCB",site_5694,26.2967719,73.0351433,POINT (73.0351433 26.2967719),252,3942949.59384
Rajasthan,Rajasthan,Jodhpur,Jodhpur,"Digari Kalan, Jodhpur - RSPCB",site_5726,26.2954437,73.0837877,POINT (73.0837877 26.2954437),252,3942949.59384
Rajasthan,Rajasthan,Jodhpur,Jodhpur,"Collectorate, Jodhpur - RSPCB",site_136,26.2967719,73.0351433,POINT (73.0351433 26.2967719),252,3942949.59384
Rajasthan,Rajasthan,Jodhpur,Jodhpur,"Mandor, Jodhpur - RSPCB",site_5773,26.3507093,73.0420003,POINT (73.0420003 26.3507093),252,3942949.59384
Rajasthan,Rajasthan,Jodhpur,Jodhpur,"Jhalamand, Jodhpur - RSPCB",site_5720,26.2967719,73.0351433,POINT (73.0351433 26.2967719),252,3942949.59384
Rajasthan,Rajasthan,Karauli,Karauli,"Satyawati Vihar, Karauli - RSPCB",site_5723,26.504748824720775,77.02430979045744,POINT (77.02430979045744 26.504748824720775),252,3942949.59384
Rajasthan,Rajasthan,Kota,Kota,"Dhanmandi, Kota - RSPCB",site_5707,25.157328,75.853084,POINT (75.853084 25.157328),252,3942949.59384
Rajasthan,Rajasthan,Kota,Kota,"Shrinath Puram, Kota - RSPCB",site_1394,25.1737019,75.8574194,POINT (75.8574194 25.1737019),252,3942949.59384
Rajasthan,Rajasthan,Kota,Kota,"Nayapura, Kota - RSPCB",site_5701,25.2239827,75.8808529,POINT (75.8808529 25.2239827),252,3942949.59384
Rajasthan,Rajasthan,Nagaur,Nagaur,"Karni Colony, Nagaur - RSPCB",site_5778,26.9873443,73.73890107316704,POINT (73.73890107316704 26.9873443),252,3942949.59384
Rajasthan,Rajasthan,Pali,Pali,"Indira Colony Vistar, Pali - RSPCB",site_1395,25.45522105,73.4193889559074,POINT (73.4193889559074 25.45522105),252,3942949.59384
Rajasthan,Rajasthan,Pratapgarh,Pratapgarh,"Pragati Nagar, Pratapgarh - RSPCB",site_5721,25.75,81.75,POINT (81.75 25.75),252,3942949.59384
Rajasthan,Rajasthan,Rajsamand,Rajsamand,"Dhoinda, Rajsamand - RSPCB",site_5718,25.0393354,73.8780301,POINT (73.8780301 25.0393354),252,3942949.59384
Rajasthan,Rajasthan,Sawai Madhopur,Sawai Madhopur,"Sahu Nagar, Sawai Madhopur - RSPCB",site_5716,26.1137182,76.4240637330536,POINT (76.4240637330536 26.1137182),252,3942949.59384
Rajasthan,Rajasthan,Sikar,Sikar,"Radhakishan Pura, Sikar - RSPCB",site_5722,27.6625058,75.02799052644464,POINT (75.02799052644464 27.6625058),252,3942949.59384
Rajasthan,Rajasthan,Sirohi,Sirohi,"Vedhaynath Colony, Sirohi - RSPCB",site_5705,24.8114047,72.83002573160249,POINT (72.83002573160249 24.8114047),252,3942949.59384
Rajasthan,Rajasthan,Sri Ganganagar,Sri Ganganagar,"Old City, Sri Ganganagar - RSPCB",site_5719,29.54807325,73.83389485608284,POINT (73.83389485608284 29.54807325),252,3942949.59384
Rajasthan,Rajasthan,Tonk,Tonk,"Shastri Nagar, Tonk - RSPCB",site_5702,26.882452104249392,75.78120260058495,POINT (75.78120260058495 26.882452104249392),252,3942949.59384
Rajasthan,Rajasthan,Udaipur,Udaipur,"Ashok Nagar, Udaipur - RSPCB",site_1397,24.58637476324529,73.70426348522605,POINT (73.70426348522605 24.58637476324529),252,3942949.59384
Sikkim,Sikkim,Gangtok,Gangtok,"Zero Point GICI, Gangtok - SSPCB",site_5590,27.329046,88.6122673,POINT (88.6122673 27.329046),252,3942949.59384
Tamil Nadu,Tamil Nadu,Ariyalur,Ariyalur,"Keelapalur, Ariyalur - TNPCB",site_5606,10.924721147563533,79.0601392150271,POINT (79.0601392150271 10.924721147563533),252,3942949.59384
Tamil Nadu,Tamil Nadu,Chengalpattu,Chengalpattu,"Crescent University, Chengalpattu - TNPCB",site_5605,12.6840886,79.9836371,POINT (79.9836371 12.6840886),252,3942949.59384
Tamil Nadu,Tamil Nadu,Chennai,Chennai,"Perungudi, Chennai - TNPCB",site_5363,12.9710239,80.2418051,POINT (80.2418051 12.9710239),252,3942949.59384
Tamil Nadu,Tamil Nadu,Chennai,Chennai,"Kodungaiyur, Chennai - TNPCB",site_5365,13.1327533,80.2444773,POINT (80.2444773 13.1327533),252,3942949.59384
Tamil Nadu,Tamil Nadu,Chennai,Chennai,"Gandhi Nagar_Ennore, Chennai - TNPCB",site_5618,13.177933,80.3101367,POINT (80.3101367 13.177933),252,3942949.59384
Tamil Nadu,Tamil Nadu,Chennai,Chennai,"Arumbakkam, Chennai - TNPCB",site_5361,13.074371,80.2081312,POINT (80.2081312 13.074371),252,3942949.59384
Tamil Nadu,Tamil Nadu,Chennai,Chennai,"Velachery Res. Area, Chennai - CPCB",site_288,13.0836939,80.270186,POINT (80.270186 13.0836939),252,3942949.59384
Tamil Nadu,Tamil Nadu,Chennai,Chennai,"Manali Village, Chennai - TNPCB",site_5092,13.0836939,80.270186,POINT (80.270186 13.0836939),252,3942949.59384
Tamil Nadu,Tamil Nadu,Chennai,Chennai,"Manali, Chennai - CPCB",site_306,13.141712716908444,80.2487212574313,POINT (80.2487212574313 13.141712716908444),252,3942949.59384
Tamil Nadu,Tamil Nadu,Chennai,Chennai,"Alandur Bus Depot, Chennai - CPCB",site_293,13.0836939,80.270186,POINT (80.270186 13.0836939),252,3942949.59384
Tamil Nadu,Tamil Nadu,Chennai,Chennai,"Royapuram, Chennai - TNPCB",site_5364,13.1042898,80.293612527608,POINT (80.293612527608 13.1042898),252,3942949.59384
Tamil Nadu,Tamil Nadu,Coimbatore,Coimbatore,"PSG College of Arts and Science, Coimbatore - TNPCB",site_5623,11.0326883,77.03457728913074,POINT (77.03457728913074 11.0326883),252,3942949.59384
Tamil Nadu,Tamil Nadu,Coimbatore,Coimbatore,"SIDCO Kurichi, Coimbatore - TNPCB",site_5094,11.0018115,76.9628425,POINT (76.9628425 11.0018115),252,3942949.59384
Tamil Nadu,Tamil Nadu,Cuddalore,Cuddalore,"Semmandalam, Cuddalore - TNPCB",site_5611,11.7647483,79.749938,POINT (79.749938 11.7647483),252,3942949.59384
Tamil Nadu,Tamil Nadu,Cuddalore,Cuddalore,"Kudikadu, Cuddalore - TNPCB",site_5621,11.52020705,79.33963564750636,POINT (79.33963564750636 11.52020705),252,3942949.59384
Tamil Nadu,Tamil Nadu,Dindigul,Dindigul,"Mendonsa Colony, Dindigul - TNPCB",site_5608,10.42568965,77.815663999998,POINT (77.815663999998 10.42568965),252,3942949.59384
Tamil Nadu,Tamil Nadu,Gummidipoondi,Gummidipoondi,"Anthoni Pillai Nagar, Gummidipoondi - TNPCB",site_5362,13.43088475,80.0821378603473,POINT (80.0821378603473 13.43088475),252,3942949.59384
Tamil Nadu,Tamil Nadu,Hosur,Hosur,"SIPCOT Phase-1, Hosur - TNPCB",site_5612,12.7183361,77.8229481,POINT (77.8229481 12.7183361),252,3942949.59384
Tamil Nadu,Tamil Nadu,Kanchipuram,Kanchipuram,"Kilambi, Kanchipuram - TNPCB",site_5619,12.9647163,79.9839686,POINT (79.9839686 12.9647163),252,3942949.59384
Tamil Nadu,Tamil Nadu,Karur,Karur,"Kamadenu Nagar, Karur - TNPCB",site_5627,10.8217671,78.38286541157868,POINT (78.38286541157868 10.8217671),252,3942949.59384
Tamil Nadu,Tamil Nadu,Madurai,Madurai,"Uchapatti, Madurai - TNPCB",site_5614,9.9261153,78.1140983,POINT (78.1140983 9.9261153),252,3942949.59384
Tamil Nadu,Tamil Nadu,Nagapattinam,Nagapattinam,"Velippalayam, Nagapattinam - TNPCB",site_5616,10.60262025,79.7619347994777,POINT (79.7619347994777 10.60262025),252,3942949.59384
Tamil Nadu,Tamil Nadu,Ooty,Ooty,"Bombay Castel, Ooty - TNPCB",site_5624,11.4126769,76.7030504,POINT (76.7030504 11.4126769),252,3942949.59384
Tamil Nadu,Tamil Nadu,Palkalaiperur,Palkalaiperur,"Bharathidasan University, Palkalaiperur - TNPCB",site_5626,10.67566,78.74201488467381,POINT (78.74201488467381 10.67566),252,3942949.59384
Tamil Nadu,Tamil Nadu,Perundurai,Perundurai,"SIPCOT Industrial Park, Perundurai - TNPCB",site_5997,11.2539029,77.6288316,POINT (77.6288316 11.2539029),252,3942949.59384
Tamil Nadu,Tamil Nadu,Pudukottai,Pudukottai,"SIPCOT Nathampannai, Pudukottai - TNPCB",site_5978,10.3826515,78.8191259,POINT (78.8191259 10.3826515),252,3942949.59384
Tamil Nadu,Tamil Nadu,Ramanathapuram,Ramanathapuram,"Chalai Bazaar, Ramanathapuram - TNPCB",site_5625,9.5205576,78.51846345155016,POINT (78.51846345155016 9.5205576),252,3942949.59384
Tamil Nadu,Tamil Nadu,Ranipet,Ranipet,"VOC Nagar_SIPCOT, Ranipet - TNPCB",site_5617,12.91862425,79.40819212569048,POINT (79.40819212569048 12.91862425),252,3942949.59384
Tamil Nadu,Tamil Nadu,Thanjavur,Thanjavur,"Parisutham Nagar, Thanjavur - TNPCB",site_5610,10.65903695,79.20142776213416,POINT (79.20142776213416 10.65903695),252,3942949.59384
Tamil Nadu,Tamil Nadu,Thoothukudi,Thoothukudi,"Meelavittan, Thoothukudi - TNPCB",site_5367,8.84570345,77.99381783527917,POINT (77.99381783527917 8.84570345),252,3942949.59384
Tamil Nadu,Tamil Nadu,Tiruchirappalli,Tiruchirappalli,"St Joseph College, Tiruchirappalli - TNPCB",site_5630,10.8071144,78.6880939,POINT (78.6880939 10.8071144),252,3942949.59384
Tamil Nadu,Tamil Nadu,Tirunelveli,Tirunelveli,"Municipal Corporation Office, Tirunelveli - TNPCB",site_5609,8.7277894,77.6966091,POINT (77.6966091 8.7277894),252,3942949.59384
Tamil Nadu,Tamil Nadu,Tirupur,Tirupur,"Kumaran College, Tirupur - TNPCB",site_5607,11.1671878,77.3472673,POINT (77.3472673 11.1671878),252,3942949.59384
Tamil Nadu,Tamil Nadu,Vellore,Vellore,"Vasanthapuram, Vellore - TNPCB",site_5615,13.093458,79.1332773,POINT (79.1332773 13.093458),252,3942949.59384
Tamil Nadu,Tamil Nadu,Virudhunagar,Virudhunagar,"Collectorate Office, Virudhunagar - TNPCB",site_5979,9.4926289,77.86318306460637,POINT (77.86318306460637 9.4926289),252,3942949.59384
Telangana,Telangana,Hyderabad,Hyderabad,"Kokapet, Hyderabad - TSPCB",site_5604,17.4008497,78.3384549,POINT (78.3384549 17.4008497),252,3942949.59384
Telangana,Telangana,Hyderabad,Hyderabad,"ECIL Kapra, Hyderabad - TSPCB",site_5596,17.487375149738362,78.54337025164635,POINT (78.54337025164635 17.487375149738362),252,3942949.59384
Telangana,Telangana,Hyderabad,Hyderabad,"Somajiguda, Hyderabad - TSPCB",site_5598,17.4255053,78.4585197,POINT (78.4585197 17.4255053),252,3942949.59384
Telangana,Telangana,Hyderabad,Hyderabad,"ICRISAT Patancheru, Hyderabad - TSPCB",site_251,17.360589,78.4740613,POINT (78.4740613 17.360589),252,3942949.59384
Telangana,Telangana,Hyderabad,Hyderabad,"Sanathnagar, Hyderabad - TSPCB",site_294,17.4569654,78.4434780636594,POINT (78.4434780636594 17.4569654),252,3942949.59384
Telangana,Telangana,Hyderabad,Hyderabad,"IDA Pashamylaram, Hyderabad - TSPCB",site_275,17.360589,78.4740613,POINT (78.4740613 17.360589),252,3942949.59384
Telangana,Telangana,Hyderabad,Hyderabad,"Kompally Municipal Office, Hyderabad - TSPCB",site_5599,17.360589,78.4740613,POINT (78.4740613 17.360589),252,3942949.59384
Telangana,Telangana,Hyderabad,Hyderabad,"Ramachandrapuram, Hyderabad - TSPCB",site_5602,17.5086345,78.30186850791303,POINT (78.30186850791303 17.5086345),252,3942949.59384
Telangana,Telangana,Hyderabad,Hyderabad,"Bollaram Industrial Area, Hyderabad - TSPCB",site_199,17.360589,78.4740613,POINT (78.4740613 17.360589),252,3942949.59384
Telangana,Telangana,Hyderabad,Hyderabad,"New Malakpet, Hyderabad - TSPCB",site_5595,17.3688126,78.5131912,POINT (78.5131912 17.3688126),252,3942949.59384
Telangana,Telangana,Hyderabad,Hyderabad,"Nacharam_TSIIC IALA, Hyderabad - TSPCB",site_5600,17.360589,78.4740613,POINT (78.4740613 17.360589),252,3942949.59384
Telangana,Telangana,Hyderabad,Hyderabad,"IITH Kandi, Hyderabad - TSPCB",site_5597,17.360589,78.4740613,POINT (78.4740613 17.360589),252,3942949.59384
Telangana,Telangana,Hyderabad,Hyderabad,"Central University, Hyderabad - TSPCB",site_262,17.4534271,78.32674059291753,POINT (78.32674059291753 17.4534271),252,3942949.59384
Telangana,Telangana,Hyderabad,Hyderabad,"Zoo Park, Hyderabad - TSPCB",site_298,17.358965119043365,78.44647812332722,POINT (78.44647812332722 17.358965119043365),252,3942949.59384
Tripura,Tripura,Agartala,Agartala,"Kunjaban, Agartala - Tripura SPCB",site_5377,23.8638223,91.2854433,POINT (91.2854433 23.8638223),252,3942949.59384
Tripura,Tripura,Agartala,Agartala,"Bardowali, Agartala - Tripura SPCB",site_5587,23.8148452,91.2680827,POINT (91.2680827 23.8148452),252,3942949.59384
Uttar Pradesh,Uttar Pradesh,Agra,Agra,"Manoharpur, Agra - UPPCB",site_5464,27.1752554,78.0098161,POINT (78.0098161 27.1752554),252,3942949.59384
Uttar Pradesh,Uttar Pradesh,Agra,Agra,"Sanjay Palace, Agra - UPPCB",site_307,27.1752554,78.0098161,POINT (78.0098161 27.1752554),252,3942949.59384
Uttar Pradesh,Uttar Pradesh,Agra,Agra,"Shahjahan Garden, Agra - UPPCB",site_5501,27.1745153,78.0269785,POINT (78.0269785 27.1745153),252,3942949.59384
Uttar Pradesh,Uttar Pradesh,Agra,Agra,"Rohta, Agra - UPPCB",site_5482,27.1037897,77.9960679,POINT (77.9960679 27.1037897),252,3942949.59384
Uttar Pradesh,Uttar Pradesh,Agra,Agra,"Shastripuram, Agra - UPPCB",site_5463,27.219194384425585,77.91729854448876,POINT (77.91729854448876 27.219194384425585),252,3942949.59384
Uttar Pradesh,Uttar Pradesh,Baghpat,Baghpat,"Sardar Patel Inter College, Baghpat - UPPCB",site_5585,29.03747785,77.3062736595316,POINT (77.3062736595316 29.03747785),252,3942949.59384
Uttar Pradesh,Uttar Pradesh,Baghpat,Baghpat,"New Collectorate, Baghpat - UPPCB",site_1569,29.03747785,77.3062736595316,POINT (77.3062736595316 29.03747785),252,3942949.59384
Uttar Pradesh,Uttar Pradesh,Bareilly,Bareilly,"Civil Lines, Bareilly - UPPCB",site_5628,28.35349235283459,79.41376580589751,POINT (79.41376580589751 28.35349235283459),252,3942949.59384
Uttar Pradesh,Uttar Pradesh,Bareilly,Bareilly,"Rajendra Nagar, Bareilly - UPPCB",site_5601,28.45823445,79.40474517998476,POINT (79.40474517998476 28.45823445),252,3942949.59384
Uttar Pradesh,Uttar Pradesh,Bulandshahr,Bulandshahr,"Yamunapuram, Bulandshahr - UPPCB",site_1542,28.3874073,77.9743804965303,POINT (77.9743804965303 28.3874073),252,3942949.59384
Uttar Pradesh,Uttar Pradesh,Firozabad,Firozabad,"Vibhab Nagar, Firozabad - UPPCB",site_5584,27.19419535,78.46049561440218,POINT (78.46049561440218 27.19419535),252,3942949.59384
Uttar Pradesh,Uttar Pradesh,Firozabad,Firozabad,"Nagla Bhau, Firozabad - UPPCB",site_5480,27.19419535,78.46049561440218,POINT (78.46049561440218 27.19419535),252,3942949.59384
Uttar Pradesh,Uttar Pradesh,Ghaziabad,Ghaziabad,"Sanjay Nagar, Ghaziabad - UPPCB",site_5081,28.6313989,77.4709115,POINT (77.4709115 28.6313989),252,3942949.59384
Uttar Pradesh,Uttar Pradesh,Ghaziabad,Ghaziabad,"Vasundhara, Ghaziabad - UPPCB",site_144,28.6619725,77.3732972,POINT (77.3732972 28.6619725),252,3942949.59384
Uttar Pradesh,Uttar Pradesh,Ghaziabad,Ghaziabad,"Indirapuram, Ghaziabad - UPPCB",site_5082,28.6423908,77.3684892,POINT (77.3684892 28.6423908),252,3942949.59384
Uttar Pradesh,Uttar Pradesh,Ghaziabad,Ghaziabad,"Loni, Ghaziabad - UPPCB",site_5083,28.7317295,77.2900919,POINT (77.2900919 28.7317295),252,3942949.59384
Uttar Pradesh,Uttar Pradesh,Gorakhpur,Gorakhpur,"Madan Mohan Malaviya University of Technology, Gorakhpur - UPPCB",site_5472,26.7314167,83.43733473093576,POINT (83.43733473093576 26.7314167),252,3942949.59384
Uttar Pradesh,Uttar Pradesh,Hapur,Hapur,"Anand Vihar, Hapur - UPPCB",site_5023,28.7166767,77.89043300265203,POINT (77.89043300265203 28.7166767),252,3942949.59384
Uttar Pradesh,Uttar Pradesh,Jhansi,Jhansi,"Shivaji Nagar, Jhansi - UPPCB",site_5583,25.451417,78.595335,POINT (78.595335 25.451417),252,3942949.59384
Uttar Pradesh,Uttar Pradesh,Kanpur,Kanpur,"FTI Kidwai Nagar, Kanpur - UPPCB",site_5500,26.4609135,80.3217588,POINT (80.3217588 26.4609135),252,3942949.59384
Uttar Pradesh,Uttar Pradesh,Kanpur,Kanpur,"IITK, Kanpur - IITK",site_5416,26.51237903770876,80.23403871438079,POINT (80.23403871438079 26.51237903770876),252,3942949.59384
Uttar Pradesh,Uttar Pradesh,Kanpur,Kanpur,"NSI Kalyanpur, Kanpur - UPPCB",site_5474,26.50639985,80.25196652518929,POINT (80.25196652518929 26.50639985),252,3942949.59384
Uttar Pradesh,Uttar Pradesh,Kanpur,Kanpur,"Nehru Nagar, Kanpur - UPPCB",site_276,26.4722201,80.3241388,POINT (80.3241388 26.4722201),252,3942949.59384
Uttar Pradesh,Uttar Pradesh,Khurja,Khurja,"Kalindi Kunj, Khurja - UPPCB",site_5603,28.20628075,77.87643676127676,POINT (77.87643676127676 28.20628075),252,3942949.59384
Uttar Pradesh,Uttar Pradesh,Lucknow,Lucknow,"Nishant Ganj, Lucknow - UPPCB",site_1405,26.8381,80.9346001,POINT (80.9346001 26.8381),252,3942949.59384
Uttar Pradesh,Uttar Pradesh,Lucknow,Lucknow,"Gomti Nagar, Lucknow - UPPCB",site_5128,26.8528761,80.9988505,POINT (80.9988505 26.8528761),252,3942949.59384
Uttar Pradesh,Uttar Pradesh,Lucknow,Lucknow,"Talkatora District Industries Center, Lucknow - CPCB",site_297,26.8381,80.9346001,POINT (80.9346001 26.8381),252,3942949.59384
Uttar Pradesh,Uttar Pradesh,Lucknow,Lucknow,"Kukrail Picnic Spot-1, Lucknow - UPPCB",site_5462,26.8381,80.9346001,POINT (80.9346001 26.8381),252,3942949.59384
Uttar Pradesh,Uttar Pradesh,Lucknow,Lucknow,"Kendriya Vidyalaya, Lucknow - CPCB",site_272,26.85258625,80.99612229551548,POINT (80.99612229551548 26.85258625),252,3942949.59384
Uttar Pradesh,Uttar Pradesh,Lucknow,Lucknow,"Lalbagh, Lucknow - CPCB",site_277,26.7908341,80.8701804,POINT (80.8701804 26.7908341),252,3942949.59384
Uttar Pradesh,Uttar Pradesh,Lucknow,Lucknow,"B R Ambedkar University, Lucknow - UPPCB",site_5460,26.8381,80.9346001,POINT (80.9346001 26.8381),252,3942949.59384
Uttar Pradesh,Uttar Pradesh,Meerut,Meerut,"Jai Bhim Nagar, Meerut - UPPCB",site_5109,28.956187,77.76040624554187,POINT (77.76040624554187 28.956187),252,3942949.59384
Uttar Pradesh,Uttar Pradesh,Meerut,Meerut,"Pallavpuram Phase 2, Meerut - UPPCB",site_5257,29.0630475,77.71438599517693,POINT (77.71438599517693 29.0630475),252,3942949.59384
Uttar Pradesh,Uttar Pradesh,Meerut,Meerut,"Ganga Nagar, Meerut - UPPCB",site_5258,28.9997246,77.7593586251069,POINT (77.7593586251069 28.9997246),252,3942949.59384
Uttar Pradesh,Uttar Pradesh,Moradabad,Moradabad,"Jigar Colony, Moradabad - UPPCB",site_5555,28.879655300000003,78.80953353954959,POINT (78.80953353954959 28.879655300000003),252,3942949.59384
Uttar Pradesh,Uttar Pradesh,Moradabad,Moradabad,"Transport Nagar, Moradabad - UPPCB",site_5613,28.879655300000003,78.80953353954959,POINT (78.80953353954959 28.879655300000003),252,3942949.59384
Uttar Pradesh,Uttar Pradesh,Moradabad,Moradabad,"Kashiram Nagar, Moradabad - UPPCB",site_5620,28.879655300000003,78.80953353954959,POINT (78.80953353954959 28.879655300000003),252,3942949.59384
Uttar Pradesh,Uttar Pradesh,Moradabad,Moradabad,"Employment Office, Moradabad - UPPCB",site_5537,28.879655300000003,78.80953353954959,POINT (78.80953353954959 28.879655300000003),252,3942949.59384
Uttar Pradesh,Uttar Pradesh,Moradabad,Moradabad,"Eco Herbal Park, Moradabad - UPPCB",site_5556,28.879655300000003,78.80953353954959,POINT (78.80953353954959 28.879655300000003),252,3942949.59384
Uttar Pradesh,Uttar Pradesh,Moradabad,Moradabad,"Buddhi Vihar, Moradabad - UPPCB",site_5554,28.879655300000003,78.80953353954959,POINT (78.80953353954959 28.879655300000003),252,3942949.59384
Uttar Pradesh,Uttar Pradesh,Moradabad,Moradabad,"Lajpat Nagar, Moradabad - UPPCB",site_1398,28.879655300000003,78.80953353954959,POINT (78.80953353954959 28.879655300000003),252,3942949.59384
Uttar Pradesh,Uttar Pradesh,Muzaffarnagar,Muzaffarnagar,"New Mandi, Muzaffarnagar - UPPCB",site_1550,29.44969785,77.74293325807088,POINT (77.74293325807088 29.44969785),252,3942949.59384
Uttar Pradesh,Uttar Pradesh,Prayagraj,Prayagraj,"Motilal Nehru NIT, Prayagraj - UPPCB",site_5459,25.4924552,81.86386513463779,POINT (81.86386513463779 25.4924552),252,3942949.59384
Uttar Pradesh,Uttar Pradesh,Prayagraj,Prayagraj,"Jhunsi, Prayagraj - UPPCB",site_5461,25.42870845,81.91171519931365,POINT (81.91171519931365 25.42870845),252,3942949.59384
Uttar Pradesh,Uttar Pradesh,Prayagraj,Prayagraj,"Nagar Nigam, Prayagraj - UPPCB",site_5484,25.44901165,81.8271373776918,POINT (81.8271373776918 25.44901165),252,3942949.59384
Uttar Pradesh,Uttar Pradesh,Varanasi,Varanasi,"Bhelupur, Varanasi - UPPCB",site_5469,25.2952296,82.9978359,POINT (82.9978359 25.2952296),252,3942949.59384
Uttar Pradesh,Uttar Pradesh,Varanasi,Varanasi,"Ardhali Bazar, Varanasi - UPPCB",site_273,25.3356491,83.0076292,POINT (83.0076292 25.3356491),252,3942949.59384
Uttar Pradesh,Uttar Pradesh,Varanasi,Varanasi,"Maldahiya, Varanasi - UPPCB",site_5475,25.3251266,82.9951071,POINT (82.9951071 25.3251266),252,3942949.59384
Uttar Pradesh,Uttar Pradesh,Varanasi,Varanasi,"IESD Banaras Hindu University, Varanasi - UPPCB",site_5468,25.3356491,83.0076292,POINT (83.0076292 25.3356491),252,3942949.59384
Uttar Pradesh,Uttar Pradesh,Vrindavan,Vrindavan,"Omex Eternity, Vrindavan - UPPCB",site_5483,27.5753726,77.6938045,POINT (77.6938045 27.5753726),252,3942949.59384
Uttarakhand,Uttarakhand,Dehradun,Dehradun,"Doon University, Dehradun - UKPCB",site_5594,30.26730765,78.04533212061747,POINT (78.04533212061747 30.26730765),252,3942949.59384
Uttarakhand,Uttarakhand,Kashipur,Kashipur,"Govt. Girls Inter College, Kashipur - UKPCB",site_5704,29.2117573,78.9617306,POINT (78.9617306 29.2117573),252,3942949.59384
Uttarakhand,Uttarakhand,Rishikesh,Rishikesh,"Shivaji Nagar, Rishikesh - UKPCB",site_5703,20.0058578,73.7757959,POINT (73.7757959 20.0058578),252,3942949.59384
West Bengal,West Bengal,Asansol,Asansol,"Trivenidevi Bhalotia College, Asansol - WBPCB",site_5995,23.6871297,86.9746587,POINT (86.9746587 23.6871297),252,3942949.59384
West Bengal,West Bengal,Asansol,Asansol,"Evelyn Lodge, Asansol - WBPCB",site_5985,23.6871297,86.9746587,POINT (86.9746587 23.6871297),252,3942949.59384
West Bengal,West Bengal,Asansol,Asansol,"Mahabir Colliery, Asansol - WBPCB",site_5986,23.6871297,86.9746587,POINT (86.9746587 23.6871297),252,3942949.59384
West Bengal,West Bengal,Asansol,Asansol,"Asansol Court Area, Asansol - WBPCB",site_1418,23.6871297,86.9746587,POINT (86.9746587 23.6871297),252,3942949.59384
West Bengal,West Bengal,Barrackpore,Barrackpore,"SVSPA Campus, Barrackpore - WBPCB",site_5959,22.7641623,88.3776088,POINT (88.3776088 22.7641623),252,3942949.59384
West Bengal,West Bengal,Durgapur,Durgapur,"PCBL Residential Complex, Durgapur - WBPCB",site_5983,23.5350475,87.3380425,POINT (87.3380425 23.5350475),252,3942949.59384
West Bengal,West Bengal,Durgapur,Durgapur,"Mahishkapur Road_B-Zone, Durgapur - WBPCB",site_6008,23.5350475,87.3380425,POINT (87.3380425 23.5350475),252,3942949.59384
West Bengal,West Bengal,Durgapur,Durgapur,"Sidhu Kanhu Indoor Stadium, Durgapur - WBPCB",site_299,23.5350475,87.3380425,POINT (87.3380425 23.5350475),252,3942949.59384
West Bengal,West Bengal,Haldia,Haldia,"Priyambada Housing Estate, Haldia - WBPCB",site_300,22.028124,88.0632655,POINT (88.0632655 22.028124),252,3942949.59384
West Bengal,West Bengal,Howrah,Howrah,"Belur Math, Howrah - WBPCB",site_5101,22.6313023,88.3505828,POINT (88.3505828 22.6313023),252,3942949.59384
West Bengal,West Bengal,Howrah,Howrah,"Dasnagar, Howrah - WBPCB",site_6009,22.5981344,88.30483687461538,POINT (88.30483687461538 22.5981344),252,3942949.59384
West Bengal,West Bengal,Howrah,Howrah,"Padmapukur, Howrah - WBPCB",site_1416,22.5682566,88.3057431,POINT (88.3057431 22.5682566),252,3942949.59384
West Bengal,West Bengal,Howrah,Howrah,"Ghusuri, Howrah - WBPCB",site_274,22.5736296,88.3251045,POINT (88.3251045 22.5736296),252,3942949.59384
West Bengal,West Bengal,Howrah,Howrah,"Botanical Garden, Howrah - WBPCB",site_5989,22.5638942,88.2886063,POINT (88.2886063 22.5638942),252,3942949.59384
West Bengal,West Bengal,Kolkata,Kolkata,"Jadavpur, Kolkata - WBPCB",site_5111,22.495499,88.3709006,POINT (88.3709006 22.495499),252,3942949.59384
West Bengal,West Bengal,Kolkata,Kolkata,"Ballygunge, Kolkata - WBPCB",site_5238,22.5280337,88.3659084,POINT (88.3659084 22.5280337),252,3942949.59384
West Bengal,West Bengal,Kolkata,Kolkata,"Rabindra Sarobar, Kolkata - WBPCB",site_5126,22.51225625,88.36357375029817,POINT (88.36357375029817 22.51225625),252,3942949.59384
West Bengal,West Bengal,Kolkata,Kolkata,"Rabindra Bharati University, Kolkata - WBPCB",site_296,22.5726459,88.3638953,POINT (88.3638953 22.5726459),252,3942949.59384
West Bengal,West Bengal,Kolkata,Kolkata,"Fort William, Kolkata - WBPCB",site_5110,22.55449655,88.33801318408831,POINT (88.33801318408831 22.55449655),252,3942949.59384
West Bengal,West Bengal,Kolkata,Kolkata,"Victoria, Kolkata - WBPCB",site_309,22.54978375,88.33911363126559,POINT (88.33911363126559 22.54978375),252,3942949.59384
West Bengal,West Bengal,Kolkata,Kolkata,"Bidhannagar, Kolkata - WBPCB",site_5129,22.6564623,88.44672447479577,POINT (88.44672447479577 22.6564623),252,3942949.59384
